layer,head,metric,auroc,direction
0,0,fiedler_value,1.0,-1.0
0,0,connectivity_ratio,1.0,-1.0
0,0,spectral_entropy_norm,1.0,1.0
0,0,hfer,1.0,1.0
0,0,spectral_radius,1.0,1.0
0,1,fiedler_value,1.0,-1.0
0,1,connectivity_ratio,1.0,-1.0
0,1,spectral_entropy_norm,1.0,-1.0
0,1,hfer,1.0,1.0
0,1,spectral_radius,1.0,1.0
0,2,fiedler_value,1.0,1.0
0,2,connectivity_ratio,1.0,1.0
0,2,spectral_entropy_norm,1.0,1.0
0,2,hfer,1.0,-1.0
0,2,spectral_radius,1.0,-1.0
0,3,fiedler_value,1.0,-1.0
0,3,connectivity_ratio,1.0,-1.0
0,3,spectral_entropy_norm,1.0,1.0
0,3,hfer,1.0,-1.0
0,3,spectral_radius,1.0,1.0
0,4,fiedler_value,1.0,-1.0
0,4,connectivity_ratio,1.0,-1.0
0,4,spectral_entropy_norm,1.0,1.0
0,4,hfer,1.0,-1.0
0,4,spectral_radius,1.0,-1.0
0,5,fiedler_value,1.0,1.0
0,5,connectivity_ratio,1.0,1.0
0,5,spectral_entropy_norm,1.0,1.0
0,5,hfer,1.0,-1.0
0,5,spectral_radius,1.0,-1.0
0,6,fiedler_value,1.0,-1.0
0,6,connectivity_ratio,1.0,-1.0
0,6,spectral_entropy_norm,1.0,1.0
0,6,hfer,1.0,-1.0
0,6,spectral_radius,1.0,-1.0
0,7,fiedler_value,1.0,-1.0
0,7,connectivity_ratio,1.0,-1.0
0,7,spectral_entropy_norm,1.0,1.0
0,7,hfer,1.0,-1.0
0,7,spectral_radius,1.0,-1.0
0,8,fiedler_value,1.0,-1.0
0,8,connectivity_ratio,1.0,-1.0
0,8,spectral_entropy_norm,1.0,1.0
0,8,hfer,1.0,-1.0
0,8,spectral_radius,1.0,-1.0
0,9,fiedler_value,1.0,-1.0
0,9,connectivity_ratio,1.0,-1.0
0,9,spectral_entropy_norm,1.0,1.0
0,9,hfer,1.0,-1.0
0,9,spectral_radius,1.0,-1.0
0,10,fiedler_value,1.0,-1.0
0,10,connectivity_ratio,1.0,-1.0
0,10,spectral_entropy_norm,1.0,1.0
0,10,hfer,1.0,-1.0
0,10,spectral_radius,1.0,1.0
0,11,fiedler_value,1.0,1.0
0,11,connectivity_ratio,1.0,1.0
0,11,spectral_entropy_norm,1.0,1.0
0,11,hfer,1.0,-1.0
0,11,spectral_radius,1.0,-1.0
0,12,fiedler_value,1.0,1.0
0,12,connectivity_ratio,1.0,1.0
0,12,spectral_entropy_norm,1.0,1.0
0,12,hfer,1.0,-1.0
0,12,spectral_radius,1.0,-1.0
0,13,fiedler_value,1.0,-1.0
0,13,connectivity_ratio,1.0,-1.0
0,13,spectral_entropy_norm,1.0,1.0
0,13,hfer,1.0,-1.0
0,13,spectral_radius,1.0,1.0
0,14,fiedler_value,1.0,-1.0
0,14,connectivity_ratio,1.0,1.0
0,14,spectral_entropy_norm,1.0,1.0
0,14,hfer,1.0,-1.0
0,14,spectral_radius,1.0,-1.0
0,15,fiedler_value,1.0,-1.0
0,15,connectivity_ratio,1.0,-1.0
0,15,spectral_entropy_norm,1.0,1.0
0,15,hfer,1.0,-1.0
0,15,spectral_radius,1.0,1.0
1,0,fiedler_value,1.0,-1.0
1,0,connectivity_ratio,1.0,-1.0
1,0,spectral_entropy_norm,1.0,1.0
1,0,hfer,1.0,-1.0
1,0,spectral_radius,1.0,1.0
1,1,fiedler_value,1.0,1.0
1,1,connectivity_ratio,1.0,1.0
1,1,spectral_entropy_norm,1.0,1.0
1,1,hfer,1.0,-1.0
1,1,spectral_radius,1.0,-1.0
1,2,fiedler_value,1.0,-1.0
1,2,connectivity_ratio,1.0,-1.0
1,2,spectral_entropy_norm,1.0,1.0
1,2,hfer,1.0,-1.0
1,2,spectral_radius,1.0,-1.0
1,3,fiedler_value,1.0,-1.0
1,3,connectivity_ratio,1.0,-1.0
1,3,spectral_entropy_norm,1.0,1.0
1,3,hfer,1.0,-1.0
1,3,spectral_radius,1.0,-1.0
1,4,fiedler_value,1.0,-1.0
1,4,connectivity_ratio,1.0,-1.0
1,4,spectral_entropy_norm,1.0,1.0
1,4,hfer,1.0,-1.0
1,4,spectral_radius,1.0,1.0
1,5,fiedler_value,1.0,1.0
1,5,connectivity_ratio,1.0,1.0
1,5,spectral_entropy_norm,1.0,1.0
1,5,hfer,1.0,-1.0
1,5,spectral_radius,1.0,-1.0
1,6,fiedler_value,1.0,-1.0
1,6,connectivity_ratio,1.0,-1.0
1,6,spectral_entropy_norm,1.0,1.0
1,6,hfer,1.0,-1.0
1,6,spectral_radius,1.0,1.0
1,7,fiedler_value,1.0,1.0
1,7,connectivity_ratio,1.0,1.0
1,7,spectral_entropy_norm,1.0,1.0
1,7,hfer,1.0,-1.0
1,7,spectral_radius,1.0,1.0
1,8,fiedler_value,1.0,-1.0
1,8,connectivity_ratio,1.0,-1.0
1,8,spectral_entropy_norm,1.0,1.0
1,8,hfer,1.0,-1.0
1,8,spectral_radius,1.0,-1.0
1,9,fiedler_value,1.0,1.0
1,9,connectivity_ratio,1.0,1.0
1,9,spectral_entropy_norm,1.0,1.0
1,9,hfer,1.0,-1.0
1,9,spectral_radius,1.0,1.0
1,10,fiedler_value,1.0,-1.0
1,10,connectivity_ratio,1.0,-1.0
1,10,spectral_entropy_norm,1.0,1.0
1,10,hfer,1.0,-1.0
1,10,spectral_radius,1.0,1.0
1,11,fiedler_value,1.0,-1.0
1,11,connectivity_ratio,1.0,-1.0
1,11,spectral_entropy_norm,1.0,1.0
1,11,hfer,1.0,-1.0
1,11,spectral_radius,1.0,1.0
1,12,fiedler_value,1.0,1.0
1,12,connectivity_ratio,1.0,1.0
1,12,spectral_entropy_norm,1.0,1.0
1,12,hfer,1.0,-1.0
1,12,spectral_radius,1.0,-1.0
1,13,fiedler_value,1.0,1.0
1,13,connectivity_ratio,1.0,1.0
1,13,spectral_entropy_norm,1.0,1.0
1,13,hfer,1.0,1.0
1,13,spectral_radius,1.0,-1.0
1,14,fiedler_value,1.0,1.0
1,14,connectivity_ratio,1.0,1.0
1,14,spectral_entropy_norm,1.0,1.0
1,14,hfer,1.0,-1.0
1,14,spectral_radius,1.0,-1.0
1,15,fiedler_value,1.0,1.0
1,15,connectivity_ratio,1.0,1.0
1,15,spectral_entropy_norm,1.0,1.0
1,15,hfer,1.0,-1.0
1,15,spectral_radius,1.0,-1.0
2,0,fiedler_value,1.0,1.0
2,0,connectivity_ratio,1.0,1.0
2,0,spectral_entropy_norm,1.0,1.0
2,0,hfer,1.0,-1.0
2,0,spectral_radius,1.0,-1.0
2,1,fiedler_value,1.0,1.0
2,1,connectivity_ratio,1.0,1.0
2,1,spectral_entropy_norm,1.0,1.0
2,1,hfer,1.0,-1.0
2,1,spectral_radius,1.0,-1.0
2,2,fiedler_value,1.0,1.0
2,2,connectivity_ratio,1.0,1.0
2,2,spectral_entropy_norm,1.0,1.0
2,2,hfer,1.0,-1.0
2,2,spectral_radius,1.0,-1.0
2,3,fiedler_value,1.0,-1.0
2,3,connectivity_ratio,1.0,-1.0
2,3,spectral_entropy_norm,1.0,1.0
2,3,hfer,1.0,-1.0
2,3,spectral_radius,1.0,1.0
2,4,fiedler_value,1.0,1.0
2,4,connectivity_ratio,1.0,1.0
2,4,spectral_entropy_norm,1.0,1.0
2,4,hfer,1.0,-1.0
2,4,spectral_radius,1.0,-1.0
2,5,fiedler_value,1.0,1.0
2,5,connectivity_ratio,1.0,1.0
2,5,spectral_entropy_norm,1.0,1.0
2,5,hfer,1.0,-1.0
2,5,spectral_radius,1.0,1.0
2,6,fiedler_value,1.0,-1.0
2,6,connectivity_ratio,1.0,-1.0
2,6,spectral_entropy_norm,1.0,1.0
2,6,hfer,1.0,-1.0
2,6,spectral_radius,1.0,-1.0
2,7,fiedler_value,1.0,-1.0
2,7,connectivity_ratio,1.0,-1.0
2,7,spectral_entropy_norm,1.0,1.0
2,7,hfer,1.0,-1.0
2,7,spectral_radius,1.0,-1.0
2,8,fiedler_value,1.0,-1.0
2,8,connectivity_ratio,1.0,-1.0
2,8,spectral_entropy_norm,1.0,-1.0
2,8,hfer,1.0,1.0
2,8,spectral_radius,1.0,1.0
2,9,fiedler_value,1.0,-1.0
2,9,connectivity_ratio,1.0,-1.0
2,9,spectral_entropy_norm,1.0,1.0
2,9,hfer,1.0,-1.0
2,9,spectral_radius,1.0,-1.0
2,10,fiedler_value,1.0,-1.0
2,10,connectivity_ratio,1.0,-1.0
2,10,spectral_entropy_norm,1.0,1.0
2,10,hfer,1.0,-1.0
2,10,spectral_radius,1.0,1.0
2,11,fiedler_value,1.0,-1.0
2,11,connectivity_ratio,1.0,-1.0
2,11,spectral_entropy_norm,1.0,1.0
2,11,hfer,1.0,-1.0
2,11,spectral_radius,1.0,1.0
2,12,fiedler_value,1.0,-1.0
2,12,connectivity_ratio,1.0,-1.0
2,12,spectral_entropy_norm,1.0,1.0
2,12,hfer,1.0,-1.0
2,12,spectral_radius,1.0,-1.0
2,13,fiedler_value,1.0,-1.0
2,13,connectivity_ratio,1.0,-1.0
2,13,spectral_entropy_norm,1.0,1.0
2,13,hfer,1.0,-1.0
2,13,spectral_radius,1.0,-1.0
2,14,fiedler_value,1.0,-1.0
2,14,connectivity_ratio,1.0,-1.0
2,14,spectral_entropy_norm,1.0,1.0
2,14,hfer,1.0,1.0
2,14,spectral_radius,1.0,-1.0
2,15,fiedler_value,1.0,-1.0
2,15,connectivity_ratio,1.0,-1.0
2,15,spectral_entropy_norm,1.0,1.0
2,15,hfer,1.0,-1.0
2,15,spectral_radius,1.0,1.0
3,0,fiedler_value,1.0,-1.0
3,0,connectivity_ratio,1.0,-1.0
3,0,spectral_entropy_norm,1.0,1.0
3,0,hfer,1.0,-1.0
3,0,spectral_radius,1.0,1.0
3,1,fiedler_value,1.0,-1.0
3,1,connectivity_ratio,1.0,-1.0
3,1,spectral_entropy_norm,1.0,1.0
3,1,hfer,1.0,-1.0
3,1,spectral_radius,1.0,1.0
3,2,fiedler_value,1.0,-1.0
3,2,connectivity_ratio,1.0,-1.0
3,2,spectral_entropy_norm,1.0,1.0
3,2,hfer,1.0,-1.0
3,2,spectral_radius,1.0,-1.0
3,3,fiedler_value,1.0,1.0
3,3,connectivity_ratio,1.0,1.0
3,3,spectral_entropy_norm,1.0,1.0
3,3,hfer,1.0,-1.0
3,3,spectral_radius,1.0,1.0
3,4,fiedler_value,1.0,1.0
3,4,connectivity_ratio,1.0,1.0
3,4,spectral_entropy_norm,1.0,1.0
3,4,hfer,1.0,1.0
3,4,spectral_radius,1.0,-1.0
3,5,fiedler_value,1.0,1.0
3,5,connectivity_ratio,1.0,1.0
3,5,spectral_entropy_norm,1.0,1.0
3,5,hfer,1.0,-1.0
3,5,spectral_radius,1.0,-1.0
3,6,fiedler_value,1.0,1.0
3,6,connectivity_ratio,1.0,1.0
3,6,spectral_entropy_norm,1.0,1.0
3,6,hfer,1.0,-1.0
3,6,spectral_radius,1.0,-1.0
3,7,fiedler_value,1.0,-1.0
3,7,connectivity_ratio,1.0,1.0
3,7,spectral_entropy_norm,1.0,1.0
3,7,hfer,1.0,-1.0
3,7,spectral_radius,1.0,-1.0
3,8,fiedler_value,1.0,-1.0
3,8,connectivity_ratio,1.0,-1.0
3,8,spectral_entropy_norm,1.0,1.0
3,8,hfer,1.0,-1.0
3,8,spectral_radius,1.0,-1.0
3,9,fiedler_value,1.0,-1.0
3,9,connectivity_ratio,1.0,-1.0
3,9,spectral_entropy_norm,1.0,1.0
3,9,hfer,1.0,-1.0
3,9,spectral_radius,1.0,1.0
3,10,fiedler_value,1.0,-1.0
3,10,connectivity_ratio,1.0,-1.0
3,10,spectral_entropy_norm,1.0,1.0
3,10,hfer,1.0,-1.0
3,10,spectral_radius,1.0,1.0
3,11,fiedler_value,1.0,-1.0
3,11,connectivity_ratio,1.0,-1.0
3,11,spectral_entropy_norm,1.0,1.0
3,11,hfer,1.0,1.0
3,11,spectral_radius,1.0,-1.0
3,12,fiedler_value,1.0,1.0
3,12,connectivity_ratio,1.0,1.0
3,12,spectral_entropy_norm,1.0,1.0
3,12,hfer,1.0,-1.0
3,12,spectral_radius,1.0,-1.0
3,13,fiedler_value,1.0,-1.0
3,13,connectivity_ratio,1.0,-1.0
3,13,spectral_entropy_norm,1.0,1.0
3,13,hfer,1.0,-1.0
3,13,spectral_radius,1.0,-1.0
3,14,fiedler_value,1.0,-1.0
3,14,connectivity_ratio,1.0,-1.0
3,14,spectral_entropy_norm,1.0,1.0
3,14,hfer,1.0,1.0
3,14,spectral_radius,1.0,-1.0
3,15,fiedler_value,1.0,-1.0
3,15,connectivity_ratio,1.0,-1.0
3,15,spectral_entropy_norm,1.0,1.0
3,15,hfer,1.0,1.0
3,15,spectral_radius,1.0,1.0
4,0,fiedler_value,1.0,-1.0
4,0,connectivity_ratio,1.0,-1.0
4,0,spectral_entropy_norm,1.0,1.0
4,0,hfer,1.0,-1.0
4,0,spectral_radius,1.0,1.0
4,1,fiedler_value,1.0,-1.0
4,1,connectivity_ratio,1.0,-1.0
4,1,spectral_entropy_norm,1.0,1.0
4,1,hfer,1.0,-1.0
4,1,spectral_radius,1.0,-1.0
4,2,fiedler_value,1.0,1.0
4,2,connectivity_ratio,1.0,1.0
4,2,spectral_entropy_norm,1.0,1.0
4,2,hfer,1.0,-1.0
4,2,spectral_radius,1.0,-1.0
4,3,fiedler_value,1.0,1.0
4,3,connectivity_ratio,1.0,-1.0
4,3,spectral_entropy_norm,1.0,1.0
4,3,hfer,1.0,1.0
4,3,spectral_radius,1.0,1.0
4,4,fiedler_value,1.0,1.0
4,4,connectivity_ratio,1.0,1.0
4,4,spectral_entropy_norm,1.0,1.0
4,4,hfer,1.0,-1.0
4,4,spectral_radius,1.0,1.0
4,5,fiedler_value,1.0,-1.0
4,5,connectivity_ratio,1.0,-1.0
4,5,spectral_entropy_norm,1.0,1.0
4,5,hfer,1.0,-1.0
4,5,spectral_radius,1.0,-1.0
4,6,fiedler_value,1.0,-1.0
4,6,connectivity_ratio,1.0,-1.0
4,6,spectral_entropy_norm,1.0,1.0
4,6,hfer,1.0,-1.0
4,6,spectral_radius,1.0,1.0
4,7,fiedler_value,1.0,-1.0
4,7,connectivity_ratio,1.0,-1.0
4,7,spectral_entropy_norm,1.0,-1.0
4,7,hfer,1.0,1.0
4,7,spectral_radius,1.0,-1.0
4,8,fiedler_value,1.0,-1.0
4,8,connectivity_ratio,1.0,-1.0
4,8,spectral_entropy_norm,1.0,1.0
4,8,hfer,1.0,1.0
4,8,spectral_radius,1.0,-1.0
4,9,fiedler_value,1.0,1.0
4,9,connectivity_ratio,1.0,1.0
4,9,spectral_entropy_norm,1.0,1.0
4,9,hfer,1.0,-1.0
4,9,spectral_radius,1.0,-1.0
4,10,fiedler_value,1.0,-1.0
4,10,connectivity_ratio,1.0,-1.0
4,10,spectral_entropy_norm,1.0,1.0
4,10,hfer,1.0,-1.0
4,10,spectral_radius,1.0,1.0
4,11,fiedler_value,1.0,1.0
4,11,connectivity_ratio,1.0,1.0
4,11,spectral_entropy_norm,1.0,1.0
4,11,hfer,1.0,-1.0
4,11,spectral_radius,1.0,-1.0
4,12,fiedler_value,1.0,-1.0
4,12,connectivity_ratio,1.0,-1.0
4,12,spectral_entropy_norm,1.0,1.0
4,12,hfer,1.0,-1.0
4,12,spectral_radius,1.0,-1.0
4,13,fiedler_value,1.0,-1.0
4,13,connectivity_ratio,1.0,-1.0
4,13,spectral_entropy_norm,1.0,1.0
4,13,hfer,1.0,-1.0
4,13,spectral_radius,1.0,-1.0
4,14,fiedler_value,1.0,-1.0
4,14,connectivity_ratio,1.0,-1.0
4,14,spectral_entropy_norm,1.0,1.0
4,14,hfer,1.0,-1.0
4,14,spectral_radius,1.0,1.0
4,15,fiedler_value,1.0,1.0
4,15,connectivity_ratio,1.0,1.0
4,15,spectral_entropy_norm,1.0,1.0
4,15,hfer,1.0,-1.0
4,15,spectral_radius,1.0,-1.0
5,0,fiedler_value,1.0,-1.0
5,0,connectivity_ratio,1.0,-1.0
5,0,spectral_entropy_norm,1.0,1.0
5,0,hfer,1.0,-1.0
5,0,spectral_radius,1.0,-1.0
5,1,fiedler_value,1.0,-1.0
5,1,connectivity_ratio,1.0,-1.0
5,1,spectral_entropy_norm,1.0,1.0
5,1,hfer,1.0,-1.0
5,1,spectral_radius,1.0,-1.0
5,2,fiedler_value,1.0,-1.0
5,2,connectivity_ratio,1.0,1.0
5,2,spectral_entropy_norm,1.0,1.0
5,2,hfer,1.0,-1.0
5,2,spectral_radius,1.0,-1.0
5,3,fiedler_value,1.0,1.0
5,3,connectivity_ratio,1.0,1.0
5,3,spectral_entropy_norm,1.0,1.0
5,3,hfer,1.0,-1.0
5,3,spectral_radius,1.0,-1.0
5,4,fiedler_value,1.0,-1.0
5,4,connectivity_ratio,1.0,1.0
5,4,spectral_entropy_norm,1.0,1.0
5,4,hfer,1.0,-1.0
5,4,spectral_radius,1.0,-1.0
5,5,fiedler_value,1.0,1.0
5,5,connectivity_ratio,1.0,1.0
5,5,spectral_entropy_norm,1.0,1.0
5,5,hfer,1.0,-1.0
5,5,spectral_radius,1.0,-1.0
5,6,fiedler_value,1.0,1.0
5,6,connectivity_ratio,1.0,1.0
5,6,spectral_entropy_norm,1.0,1.0
5,6,hfer,1.0,-1.0
5,6,spectral_radius,1.0,-1.0
5,7,fiedler_value,1.0,-1.0
5,7,connectivity_ratio,1.0,1.0
5,7,spectral_entropy_norm,1.0,1.0
5,7,hfer,1.0,1.0
5,7,spectral_radius,1.0,-1.0
5,8,fiedler_value,1.0,-1.0
5,8,connectivity_ratio,1.0,-1.0
5,8,spectral_entropy_norm,1.0,1.0
5,8,hfer,1.0,-1.0
5,8,spectral_radius,1.0,-1.0
5,9,fiedler_value,1.0,-1.0
5,9,connectivity_ratio,1.0,-1.0
5,9,spectral_entropy_norm,1.0,1.0
5,9,hfer,1.0,-1.0
5,9,spectral_radius,1.0,1.0
5,10,fiedler_value,1.0,-1.0
5,10,connectivity_ratio,1.0,-1.0
5,10,spectral_entropy_norm,1.0,1.0
5,10,hfer,1.0,-1.0
5,10,spectral_radius,1.0,-1.0
5,11,fiedler_value,1.0,-1.0
5,11,connectivity_ratio,1.0,-1.0
5,11,spectral_entropy_norm,1.0,1.0
5,11,hfer,1.0,-1.0
5,11,spectral_radius,1.0,1.0
5,12,fiedler_value,1.0,-1.0
5,12,connectivity_ratio,1.0,-1.0
5,12,spectral_entropy_norm,1.0,1.0
5,12,hfer,1.0,-1.0
5,12,spectral_radius,1.0,-1.0
5,13,fiedler_value,1.0,1.0
5,13,connectivity_ratio,1.0,1.0
5,13,spectral_entropy_norm,1.0,1.0
5,13,hfer,1.0,-1.0
5,13,spectral_radius,1.0,1.0
5,14,fiedler_value,1.0,-1.0
5,14,connectivity_ratio,1.0,-1.0
5,14,spectral_entropy_norm,1.0,1.0
5,14,hfer,1.0,-1.0
5,14,spectral_radius,1.0,1.0
5,15,fiedler_value,1.0,-1.0
5,15,connectivity_ratio,1.0,-1.0
5,15,spectral_entropy_norm,1.0,1.0
5,15,hfer,1.0,-1.0
5,15,spectral_radius,1.0,1.0
6,0,fiedler_value,1.0,-1.0
6,0,connectivity_ratio,1.0,-1.0
6,0,spectral_entropy_norm,1.0,1.0
6,0,hfer,1.0,1.0
6,0,spectral_radius,1.0,-1.0
6,1,fiedler_value,1.0,-1.0
6,1,connectivity_ratio,1.0,-1.0
6,1,spectral_entropy_norm,1.0,1.0
6,1,hfer,1.0,-1.0
6,1,spectral_radius,1.0,-1.0
6,2,fiedler_value,1.0,1.0
6,2,connectivity_ratio,1.0,1.0
6,2,spectral_entropy_norm,1.0,1.0
6,2,hfer,1.0,-1.0
6,2,spectral_radius,1.0,-1.0
6,3,fiedler_value,1.0,-1.0
6,3,connectivity_ratio,1.0,-1.0
6,3,spectral_entropy_norm,1.0,1.0
6,3,hfer,1.0,-1.0
6,3,spectral_radius,1.0,-1.0
6,4,fiedler_value,1.0,-1.0
6,4,connectivity_ratio,1.0,-1.0
6,4,spectral_entropy_norm,1.0,1.0
6,4,hfer,1.0,1.0
6,4,spectral_radius,1.0,-1.0
6,5,fiedler_value,1.0,1.0
6,5,connectivity_ratio,1.0,1.0
6,5,spectral_entropy_norm,1.0,1.0
6,5,hfer,1.0,1.0
6,5,spectral_radius,1.0,1.0
6,6,fiedler_value,1.0,1.0
6,6,connectivity_ratio,1.0,1.0
6,6,spectral_entropy_norm,1.0,1.0
6,6,hfer,1.0,-1.0
6,6,spectral_radius,1.0,-1.0
6,7,fiedler_value,1.0,-1.0
6,7,connectivity_ratio,1.0,-1.0
6,7,spectral_entropy_norm,1.0,1.0
6,7,hfer,1.0,-1.0
6,7,spectral_radius,1.0,-1.0
6,8,fiedler_value,1.0,-1.0
6,8,connectivity_ratio,1.0,-1.0
6,8,spectral_entropy_norm,1.0,1.0
6,8,hfer,1.0,-1.0
6,8,spectral_radius,1.0,-1.0
6,9,fiedler_value,1.0,1.0
6,9,connectivity_ratio,1.0,1.0
6,9,spectral_entropy_norm,1.0,1.0
6,9,hfer,1.0,-1.0
6,9,spectral_radius,1.0,1.0
6,10,fiedler_value,1.0,1.0
6,10,connectivity_ratio,1.0,-1.0
6,10,spectral_entropy_norm,1.0,1.0
6,10,hfer,1.0,-1.0
6,10,spectral_radius,1.0,1.0
6,11,fiedler_value,1.0,1.0
6,11,connectivity_ratio,1.0,1.0
6,11,spectral_entropy_norm,1.0,1.0
6,11,hfer,1.0,-1.0
6,11,spectral_radius,1.0,-1.0
6,12,fiedler_value,1.0,-1.0
6,12,connectivity_ratio,1.0,-1.0
6,12,spectral_entropy_norm,1.0,1.0
6,12,hfer,1.0,-1.0
6,12,spectral_radius,1.0,-1.0
6,13,fiedler_value,1.0,-1.0
6,13,connectivity_ratio,1.0,-1.0
6,13,spectral_entropy_norm,1.0,1.0
6,13,hfer,1.0,-1.0
6,13,spectral_radius,1.0,1.0
6,14,fiedler_value,1.0,-1.0
6,14,connectivity_ratio,1.0,1.0
6,14,spectral_entropy_norm,1.0,1.0
6,14,hfer,1.0,-1.0
6,14,spectral_radius,1.0,-1.0
6,15,fiedler_value,1.0,-1.0
6,15,connectivity_ratio,1.0,-1.0
6,15,spectral_entropy_norm,1.0,1.0
6,15,hfer,1.0,-1.0
6,15,spectral_radius,1.0,-1.0
7,0,fiedler_value,1.0,-1.0
7,0,connectivity_ratio,1.0,-1.0
7,0,spectral_entropy_norm,1.0,1.0
7,0,hfer,1.0,1.0
7,0,spectral_radius,1.0,-1.0
7,1,fiedler_value,1.0,-1.0
7,1,connectivity_ratio,1.0,-1.0
7,1,spectral_entropy_norm,1.0,1.0
7,1,hfer,1.0,-1.0
7,1,spectral_radius,1.0,-1.0
7,2,fiedler_value,1.0,-1.0
7,2,connectivity_ratio,1.0,-1.0
7,2,spectral_entropy_norm,1.0,-1.0
7,2,hfer,1.0,1.0
7,2,spectral_radius,1.0,-1.0
7,3,fiedler_value,1.0,1.0
7,3,connectivity_ratio,1.0,1.0
7,3,spectral_entropy_norm,1.0,1.0
7,3,hfer,1.0,-1.0
7,3,spectral_radius,1.0,-1.0
7,4,fiedler_value,1.0,-1.0
7,4,connectivity_ratio,1.0,-1.0
7,4,spectral_entropy_norm,1.0,1.0
7,4,hfer,1.0,-1.0
7,4,spectral_radius,1.0,-1.0
7,5,fiedler_value,1.0,-1.0
7,5,connectivity_ratio,1.0,-1.0
7,5,spectral_entropy_norm,1.0,1.0
7,5,hfer,1.0,1.0
7,5,spectral_radius,1.0,1.0
7,6,fiedler_value,1.0,1.0
7,6,connectivity_ratio,1.0,1.0
7,6,spectral_entropy_norm,1.0,1.0
7,6,hfer,1.0,-1.0
7,6,spectral_radius,1.0,1.0
7,7,fiedler_value,1.0,-1.0
7,7,connectivity_ratio,1.0,-1.0
7,7,spectral_entropy_norm,1.0,-1.0
7,7,hfer,1.0,1.0
7,7,spectral_radius,1.0,-1.0
7,8,fiedler_value,1.0,1.0
7,8,connectivity_ratio,1.0,1.0
7,8,spectral_entropy_norm,1.0,1.0
7,8,hfer,1.0,-1.0
7,8,spectral_radius,1.0,-1.0
7,9,fiedler_value,1.0,-1.0
7,9,connectivity_ratio,1.0,-1.0
7,9,spectral_entropy_norm,1.0,1.0
7,9,hfer,1.0,-1.0
7,9,spectral_radius,1.0,-1.0
7,10,fiedler_value,1.0,-1.0
7,10,connectivity_ratio,1.0,-1.0
7,10,spectral_entropy_norm,1.0,1.0
7,10,hfer,1.0,-1.0
7,10,spectral_radius,1.0,-1.0
7,11,fiedler_value,1.0,-1.0
7,11,connectivity_ratio,1.0,-1.0
7,11,spectral_entropy_norm,1.0,1.0
7,11,hfer,1.0,-1.0
7,11,spectral_radius,1.0,-1.0
7,12,fiedler_value,1.0,1.0
7,12,connectivity_ratio,1.0,1.0
7,12,spectral_entropy_norm,1.0,1.0
7,12,hfer,1.0,-1.0
7,12,spectral_radius,1.0,-1.0
7,13,fiedler_value,1.0,-1.0
7,13,connectivity_ratio,1.0,-1.0
7,13,spectral_entropy_norm,1.0,1.0
7,13,hfer,1.0,-1.0
7,13,spectral_radius,1.0,-1.0
7,14,fiedler_value,1.0,-1.0
7,14,connectivity_ratio,1.0,-1.0
7,14,spectral_entropy_norm,1.0,1.0
7,14,hfer,1.0,-1.0
7,14,spectral_radius,1.0,-1.0
7,15,fiedler_value,1.0,-1.0
7,15,connectivity_ratio,1.0,-1.0
7,15,spectral_entropy_norm,1.0,1.0
7,15,hfer,1.0,-1.0
7,15,spectral_radius,1.0,1.0
8,0,fiedler_value,1.0,-1.0
8,0,connectivity_ratio,1.0,-1.0
8,0,spectral_entropy_norm,1.0,1.0
8,0,hfer,1.0,-1.0
8,0,spectral_radius,1.0,-1.0
8,1,fiedler_value,1.0,-1.0
8,1,connectivity_ratio,1.0,-1.0
8,1,spectral_entropy_norm,1.0,1.0
8,1,hfer,1.0,-1.0
8,1,spectral_radius,1.0,-1.0
8,2,fiedler_value,1.0,1.0
8,2,connectivity_ratio,1.0,-1.0
8,2,spectral_entropy_norm,1.0,1.0
8,2,hfer,1.0,-1.0
8,2,spectral_radius,1.0,1.0
8,3,fiedler_value,1.0,-1.0
8,3,connectivity_ratio,1.0,-1.0
8,3,spectral_entropy_norm,1.0,1.0
8,3,hfer,1.0,-1.0
8,3,spectral_radius,1.0,1.0
8,4,fiedler_value,1.0,-1.0
8,4,connectivity_ratio,1.0,-1.0
8,4,spectral_entropy_norm,1.0,1.0
8,4,hfer,1.0,1.0
8,4,spectral_radius,1.0,-1.0
8,5,fiedler_value,1.0,-1.0
8,5,connectivity_ratio,1.0,-1.0
8,5,spectral_entropy_norm,1.0,1.0
8,5,hfer,1.0,-1.0
8,5,spectral_radius,1.0,-1.0
8,6,fiedler_value,1.0,1.0
8,6,connectivity_ratio,1.0,1.0
8,6,spectral_entropy_norm,1.0,1.0
8,6,hfer,1.0,-1.0
8,6,spectral_radius,1.0,-1.0
8,7,fiedler_value,1.0,-1.0
8,7,connectivity_ratio,1.0,-1.0
8,7,spectral_entropy_norm,1.0,1.0
8,7,hfer,1.0,-1.0
8,7,spectral_radius,1.0,-1.0
8,8,fiedler_value,1.0,-1.0
8,8,connectivity_ratio,1.0,1.0
8,8,spectral_entropy_norm,1.0,1.0
8,8,hfer,1.0,-1.0
8,8,spectral_radius,1.0,-1.0
8,9,fiedler_value,1.0,1.0
8,9,connectivity_ratio,1.0,1.0
8,9,spectral_entropy_norm,1.0,1.0
8,9,hfer,1.0,-1.0
8,9,spectral_radius,1.0,1.0
8,10,fiedler_value,1.0,-1.0
8,10,connectivity_ratio,1.0,-1.0
8,10,spectral_entropy_norm,1.0,1.0
8,10,hfer,1.0,-1.0
8,10,spectral_radius,1.0,-1.0
8,11,fiedler_value,1.0,-1.0
8,11,connectivity_ratio,1.0,-1.0
8,11,spectral_entropy_norm,1.0,-1.0
8,11,hfer,1.0,1.0
8,11,spectral_radius,1.0,-1.0
8,12,fiedler_value,1.0,-1.0
8,12,connectivity_ratio,1.0,1.0
8,12,spectral_entropy_norm,1.0,-1.0
8,12,hfer,1.0,1.0
8,12,spectral_radius,1.0,-1.0
8,13,fiedler_value,1.0,-1.0
8,13,connectivity_ratio,1.0,-1.0
8,13,spectral_entropy_norm,1.0,1.0
8,13,hfer,1.0,-1.0
8,13,spectral_radius,1.0,-1.0
8,14,fiedler_value,1.0,-1.0
8,14,connectivity_ratio,1.0,-1.0
8,14,spectral_entropy_norm,1.0,1.0
8,14,hfer,1.0,-1.0
8,14,spectral_radius,1.0,-1.0
8,15,fiedler_value,1.0,-1.0
8,15,connectivity_ratio,1.0,-1.0
8,15,spectral_entropy_norm,1.0,1.0
8,15,hfer,1.0,-1.0
8,15,spectral_radius,1.0,1.0
9,0,fiedler_value,1.0,-1.0
9,0,connectivity_ratio,1.0,-1.0
9,0,spectral_entropy_norm,1.0,1.0
9,0,hfer,1.0,1.0
9,0,spectral_radius,1.0,-1.0
9,1,fiedler_value,1.0,1.0
9,1,connectivity_ratio,1.0,1.0
9,1,spectral_entropy_norm,1.0,1.0
9,1,hfer,1.0,-1.0
9,1,spectral_radius,1.0,1.0
9,2,fiedler_value,1.0,-1.0
9,2,connectivity_ratio,1.0,-1.0
9,2,spectral_entropy_norm,1.0,1.0
9,2,hfer,1.0,1.0
9,2,spectral_radius,1.0,1.0
9,3,fiedler_value,1.0,-1.0
9,3,connectivity_ratio,1.0,-1.0
9,3,spectral_entropy_norm,1.0,1.0
9,3,hfer,1.0,-1.0
9,3,spectral_radius,1.0,-1.0
9,4,fiedler_value,1.0,-1.0
9,4,connectivity_ratio,1.0,-1.0
9,4,spectral_entropy_norm,1.0,1.0
9,4,hfer,1.0,-1.0
9,4,spectral_radius,1.0,-1.0
9,5,fiedler_value,1.0,-1.0
9,5,connectivity_ratio,1.0,-1.0
9,5,spectral_entropy_norm,1.0,1.0
9,5,hfer,1.0,-1.0
9,5,spectral_radius,1.0,-1.0
9,6,fiedler_value,1.0,-1.0
9,6,connectivity_ratio,1.0,-1.0
9,6,spectral_entropy_norm,1.0,-1.0
9,6,hfer,1.0,1.0
9,6,spectral_radius,1.0,-1.0
9,7,fiedler_value,1.0,1.0
9,7,connectivity_ratio,1.0,1.0
9,7,spectral_entropy_norm,1.0,-1.0
9,7,hfer,1.0,1.0
9,7,spectral_radius,1.0,-1.0
9,8,fiedler_value,1.0,-1.0
9,8,connectivity_ratio,1.0,-1.0
9,8,spectral_entropy_norm,1.0,1.0
9,8,hfer,1.0,-1.0
9,8,spectral_radius,1.0,-1.0
9,9,fiedler_value,1.0,-1.0
9,9,connectivity_ratio,1.0,-1.0
9,9,spectral_entropy_norm,1.0,1.0
9,9,hfer,1.0,-1.0
9,9,spectral_radius,1.0,-1.0
9,10,fiedler_value,1.0,-1.0
9,10,connectivity_ratio,1.0,-1.0
9,10,spectral_entropy_norm,1.0,-1.0
9,10,hfer,1.0,1.0
9,10,spectral_radius,1.0,-1.0
9,11,fiedler_value,1.0,-1.0
9,11,connectivity_ratio,1.0,1.0
9,11,spectral_entropy_norm,1.0,1.0
9,11,hfer,1.0,1.0
9,11,spectral_radius,1.0,-1.0
9,12,fiedler_value,1.0,1.0
9,12,connectivity_ratio,1.0,1.0
9,12,spectral_entropy_norm,1.0,1.0
9,12,hfer,1.0,1.0
9,12,spectral_radius,1.0,-1.0
9,13,fiedler_value,1.0,-1.0
9,13,connectivity_ratio,1.0,-1.0
9,13,spectral_entropy_norm,1.0,1.0
9,13,hfer,1.0,-1.0
9,13,spectral_radius,1.0,-1.0
9,14,fiedler_value,1.0,1.0
9,14,connectivity_ratio,1.0,1.0
9,14,spectral_entropy_norm,1.0,1.0
9,14,hfer,1.0,-1.0
9,14,spectral_radius,1.0,-1.0
9,15,fiedler_value,1.0,-1.0
9,15,connectivity_ratio,1.0,-1.0
9,15,spectral_entropy_norm,1.0,1.0
9,15,hfer,1.0,1.0
9,15,spectral_radius,1.0,-1.0
10,0,fiedler_value,1.0,-1.0
10,0,connectivity_ratio,1.0,-1.0
10,0,spectral_entropy_norm,1.0,1.0
10,0,hfer,1.0,-1.0
10,0,spectral_radius,1.0,-1.0
10,1,fiedler_value,1.0,-1.0
10,1,connectivity_ratio,1.0,-1.0
10,1,spectral_entropy_norm,1.0,-1.0
10,1,hfer,1.0,1.0
10,1,spectral_radius,1.0,-1.0
10,2,fiedler_value,1.0,-1.0
10,2,connectivity_ratio,1.0,-1.0
10,2,spectral_entropy_norm,1.0,1.0
10,2,hfer,1.0,-1.0
10,2,spectral_radius,1.0,1.0
10,3,fiedler_value,1.0,-1.0
10,3,connectivity_ratio,1.0,1.0
10,3,spectral_entropy_norm,1.0,1.0
10,3,hfer,1.0,1.0
10,3,spectral_radius,1.0,-1.0
10,4,fiedler_value,1.0,-1.0
10,4,connectivity_ratio,1.0,1.0
10,4,spectral_entropy_norm,1.0,1.0
10,4,hfer,1.0,-1.0
10,4,spectral_radius,1.0,-1.0
10,5,fiedler_value,1.0,1.0
10,5,connectivity_ratio,1.0,1.0
10,5,spectral_entropy_norm,1.0,1.0
10,5,hfer,1.0,-1.0
10,5,spectral_radius,1.0,-1.0
10,6,fiedler_value,1.0,1.0
10,6,connectivity_ratio,1.0,1.0
10,6,spectral_entropy_norm,1.0,1.0
10,6,hfer,1.0,-1.0
10,6,spectral_radius,1.0,-1.0
10,7,fiedler_value,1.0,-1.0
10,7,connectivity_ratio,1.0,-1.0
10,7,spectral_entropy_norm,1.0,1.0
10,7,hfer,1.0,1.0
10,7,spectral_radius,1.0,1.0
10,8,fiedler_value,1.0,-1.0
10,8,connectivity_ratio,1.0,-1.0
10,8,spectral_entropy_norm,1.0,1.0
10,8,hfer,1.0,1.0
10,8,spectral_radius,1.0,-1.0
10,9,fiedler_value,1.0,1.0
10,9,connectivity_ratio,1.0,1.0
10,9,spectral_entropy_norm,1.0,1.0
10,9,hfer,1.0,-1.0
10,9,spectral_radius,1.0,-1.0
10,10,fiedler_value,1.0,-1.0
10,10,connectivity_ratio,1.0,-1.0
10,10,spectral_entropy_norm,1.0,1.0
10,10,hfer,1.0,-1.0
10,10,spectral_radius,1.0,-1.0
10,11,fiedler_value,1.0,1.0
10,11,connectivity_ratio,1.0,1.0
10,11,spectral_entropy_norm,1.0,1.0
10,11,hfer,1.0,-1.0
10,11,spectral_radius,1.0,-1.0
10,12,fiedler_value,1.0,1.0
10,12,connectivity_ratio,1.0,1.0
10,12,spectral_entropy_norm,1.0,1.0
10,12,hfer,1.0,-1.0
10,12,spectral_radius,1.0,-1.0
10,13,fiedler_value,1.0,-1.0
10,13,connectivity_ratio,1.0,-1.0
10,13,spectral_entropy_norm,1.0,1.0
10,13,hfer,1.0,-1.0
10,13,spectral_radius,1.0,-1.0
10,14,fiedler_value,1.0,-1.0
10,14,connectivity_ratio,1.0,-1.0
10,14,spectral_entropy_norm,1.0,1.0
10,14,hfer,1.0,-1.0
10,14,spectral_radius,1.0,-1.0
10,15,fiedler_value,1.0,-1.0
10,15,connectivity_ratio,1.0,-1.0
10,15,spectral_entropy_norm,1.0,1.0
10,15,hfer,1.0,-1.0
10,15,spectral_radius,1.0,-1.0
11,0,fiedler_value,1.0,-1.0
11,0,connectivity_ratio,1.0,-1.0
11,0,spectral_entropy_norm,1.0,1.0
11,0,hfer,1.0,-1.0
11,0,spectral_radius,1.0,-1.0
11,1,fiedler_value,1.0,1.0
11,1,connectivity_ratio,1.0,1.0
11,1,spectral_entropy_norm,1.0,1.0
11,1,hfer,1.0,-1.0
11,1,spectral_radius,1.0,-1.0
11,2,fiedler_value,1.0,-1.0
11,2,connectivity_ratio,1.0,-1.0
11,2,spectral_entropy_norm,1.0,1.0
11,2,hfer,1.0,-1.0
11,2,spectral_radius,1.0,-1.0
11,3,fiedler_value,1.0,-1.0
11,3,connectivity_ratio,1.0,-1.0
11,3,spectral_entropy_norm,1.0,1.0
11,3,hfer,1.0,-1.0
11,3,spectral_radius,1.0,-1.0
11,4,fiedler_value,1.0,-1.0
11,4,connectivity_ratio,1.0,-1.0
11,4,spectral_entropy_norm,1.0,1.0
11,4,hfer,1.0,1.0
11,4,spectral_radius,1.0,1.0
11,5,fiedler_value,1.0,-1.0
11,5,connectivity_ratio,1.0,-1.0
11,5,spectral_entropy_norm,1.0,1.0
11,5,hfer,1.0,1.0
11,5,spectral_radius,1.0,-1.0
11,6,fiedler_value,1.0,1.0
11,6,connectivity_ratio,1.0,1.0
11,6,spectral_entropy_norm,1.0,1.0
11,6,hfer,1.0,-1.0
11,6,spectral_radius,1.0,1.0
11,7,fiedler_value,1.0,-1.0
11,7,connectivity_ratio,1.0,-1.0
11,7,spectral_entropy_norm,1.0,1.0
11,7,hfer,1.0,-1.0
11,7,spectral_radius,1.0,-1.0
11,8,fiedler_value,1.0,-1.0
11,8,connectivity_ratio,1.0,-1.0
11,8,spectral_entropy_norm,1.0,1.0
11,8,hfer,1.0,-1.0
11,8,spectral_radius,1.0,-1.0
11,9,fiedler_value,1.0,-1.0
11,9,connectivity_ratio,1.0,-1.0
11,9,spectral_entropy_norm,1.0,1.0
11,9,hfer,1.0,1.0
11,9,spectral_radius,1.0,-1.0
11,10,fiedler_value,1.0,-1.0
11,10,connectivity_ratio,1.0,-1.0
11,10,spectral_entropy_norm,1.0,1.0
11,10,hfer,1.0,1.0
11,10,spectral_radius,1.0,-1.0
11,11,fiedler_value,1.0,-1.0
11,11,connectivity_ratio,1.0,-1.0
11,11,spectral_entropy_norm,1.0,1.0
11,11,hfer,1.0,-1.0
11,11,spectral_radius,1.0,-1.0
11,12,fiedler_value,1.0,1.0
11,12,connectivity_ratio,1.0,1.0
11,12,spectral_entropy_norm,1.0,1.0
11,12,hfer,1.0,-1.0
11,12,spectral_radius,1.0,-1.0
11,13,fiedler_value,1.0,1.0
11,13,connectivity_ratio,1.0,1.0
11,13,spectral_entropy_norm,1.0,1.0
11,13,hfer,1.0,-1.0
11,13,spectral_radius,1.0,-1.0
11,14,fiedler_value,1.0,1.0
11,14,connectivity_ratio,1.0,1.0
11,14,spectral_entropy_norm,1.0,-1.0
11,14,hfer,1.0,1.0
11,14,spectral_radius,1.0,1.0
11,15,fiedler_value,1.0,1.0
11,15,connectivity_ratio,1.0,1.0
11,15,spectral_entropy_norm,1.0,1.0
11,15,hfer,1.0,-1.0
11,15,spectral_radius,1.0,-1.0
12,0,fiedler_value,1.0,-1.0
12,0,connectivity_ratio,1.0,-1.0
12,0,spectral_entropy_norm,1.0,1.0
12,0,hfer,1.0,-1.0
12,0,spectral_radius,1.0,-1.0
12,1,fiedler_value,1.0,-1.0
12,1,connectivity_ratio,1.0,-1.0
12,1,spectral_entropy_norm,1.0,1.0
12,1,hfer,1.0,-1.0
12,1,spectral_radius,1.0,-1.0
12,2,fiedler_value,1.0,1.0
12,2,connectivity_ratio,1.0,1.0
12,2,spectral_entropy_norm,1.0,1.0
12,2,hfer,1.0,-1.0
12,2,spectral_radius,1.0,-1.0
12,3,fiedler_value,1.0,-1.0
12,3,connectivity_ratio,1.0,-1.0
12,3,spectral_entropy_norm,1.0,1.0
12,3,hfer,1.0,-1.0
12,3,spectral_radius,1.0,-1.0
12,4,fiedler_value,1.0,-1.0
12,4,connectivity_ratio,1.0,-1.0
12,4,spectral_entropy_norm,1.0,1.0
12,4,hfer,1.0,1.0
12,4,spectral_radius,1.0,-1.0
12,5,fiedler_value,1.0,-1.0
12,5,connectivity_ratio,1.0,-1.0
12,5,spectral_entropy_norm,1.0,1.0
12,5,hfer,1.0,-1.0
12,5,spectral_radius,1.0,-1.0
12,6,fiedler_value,1.0,-1.0
12,6,connectivity_ratio,1.0,-1.0
12,6,spectral_entropy_norm,1.0,1.0
12,6,hfer,1.0,-1.0
12,6,spectral_radius,1.0,-1.0
12,7,fiedler_value,1.0,-1.0
12,7,connectivity_ratio,1.0,-1.0
12,7,spectral_entropy_norm,1.0,1.0
12,7,hfer,1.0,-1.0
12,7,spectral_radius,1.0,-1.0
12,8,fiedler_value,1.0,-1.0
12,8,connectivity_ratio,1.0,1.0
12,8,spectral_entropy_norm,1.0,1.0
12,8,hfer,1.0,-1.0
12,8,spectral_radius,1.0,-1.0
12,9,fiedler_value,1.0,-1.0
12,9,connectivity_ratio,1.0,-1.0
12,9,spectral_entropy_norm,1.0,1.0
12,9,hfer,1.0,-1.0
12,9,spectral_radius,1.0,-1.0
12,10,fiedler_value,1.0,-1.0
12,10,connectivity_ratio,1.0,-1.0
12,10,spectral_entropy_norm,1.0,1.0
12,10,hfer,1.0,-1.0
12,10,spectral_radius,1.0,-1.0
12,11,fiedler_value,1.0,-1.0
12,11,connectivity_ratio,1.0,-1.0
12,11,spectral_entropy_norm,1.0,1.0
12,11,hfer,1.0,-1.0
12,11,spectral_radius,1.0,-1.0
12,12,fiedler_value,1.0,1.0
12,12,connectivity_ratio,1.0,1.0
12,12,spectral_entropy_norm,1.0,1.0
12,12,hfer,1.0,-1.0
12,12,spectral_radius,1.0,-1.0
12,13,fiedler_value,1.0,1.0
12,13,connectivity_ratio,1.0,1.0
12,13,spectral_entropy_norm,1.0,1.0
12,13,hfer,1.0,-1.0
12,13,spectral_radius,1.0,-1.0
12,14,fiedler_value,1.0,1.0
12,14,connectivity_ratio,1.0,1.0
12,14,spectral_entropy_norm,1.0,1.0
12,14,hfer,1.0,-1.0
12,14,spectral_radius,1.0,-1.0
12,15,fiedler_value,1.0,-1.0
12,15,connectivity_ratio,1.0,-1.0
12,15,spectral_entropy_norm,1.0,1.0
12,15,hfer,1.0,-1.0
12,15,spectral_radius,1.0,1.0
13,0,fiedler_value,1.0,1.0
13,0,connectivity_ratio,1.0,1.0
13,0,spectral_entropy_norm,1.0,1.0
13,0,hfer,1.0,-1.0
13,0,spectral_radius,1.0,-1.0
13,1,fiedler_value,1.0,-1.0
13,1,connectivity_ratio,1.0,-1.0
13,1,spectral_entropy_norm,1.0,1.0
13,1,hfer,1.0,-1.0
13,1,spectral_radius,1.0,-1.0
13,2,fiedler_value,1.0,-1.0
13,2,connectivity_ratio,1.0,-1.0
13,2,spectral_entropy_norm,1.0,1.0
13,2,hfer,1.0,-1.0
13,2,spectral_radius,1.0,1.0
13,3,fiedler_value,1.0,1.0
13,3,connectivity_ratio,1.0,1.0
13,3,spectral_entropy_norm,1.0,1.0
13,3,hfer,1.0,-1.0
13,3,spectral_radius,1.0,-1.0
13,4,fiedler_value,1.0,-1.0
13,4,connectivity_ratio,1.0,-1.0
13,4,spectral_entropy_norm,1.0,1.0
13,4,hfer,1.0,-1.0
13,4,spectral_radius,1.0,-1.0
13,5,fiedler_value,1.0,-1.0
13,5,connectivity_ratio,1.0,-1.0
13,5,spectral_entropy_norm,1.0,1.0
13,5,hfer,1.0,1.0
13,5,spectral_radius,1.0,-1.0
13,6,fiedler_value,1.0,1.0
13,6,connectivity_ratio,1.0,1.0
13,6,spectral_entropy_norm,1.0,1.0
13,6,hfer,1.0,-1.0
13,6,spectral_radius,1.0,-1.0
13,7,fiedler_value,1.0,-1.0
13,7,connectivity_ratio,1.0,-1.0
13,7,spectral_entropy_norm,1.0,1.0
13,7,hfer,1.0,-1.0
13,7,spectral_radius,1.0,1.0
13,8,fiedler_value,1.0,1.0
13,8,connectivity_ratio,1.0,1.0
13,8,spectral_entropy_norm,1.0,1.0
13,8,hfer,1.0,1.0
13,8,spectral_radius,1.0,1.0
13,9,fiedler_value,1.0,-1.0
13,9,connectivity_ratio,1.0,-1.0
13,9,spectral_entropy_norm,1.0,1.0
13,9,hfer,1.0,-1.0
13,9,spectral_radius,1.0,-1.0
13,10,fiedler_value,1.0,-1.0
13,10,connectivity_ratio,1.0,-1.0
13,10,spectral_entropy_norm,1.0,1.0
13,10,hfer,1.0,-1.0
13,10,spectral_radius,1.0,-1.0
13,11,fiedler_value,1.0,-1.0
13,11,connectivity_ratio,1.0,-1.0
13,11,spectral_entropy_norm,1.0,1.0
13,11,hfer,1.0,-1.0
13,11,spectral_radius,1.0,-1.0
13,12,fiedler_value,1.0,-1.0
13,12,connectivity_ratio,1.0,-1.0
13,12,spectral_entropy_norm,1.0,1.0
13,12,hfer,1.0,1.0
13,12,spectral_radius,1.0,-1.0
13,13,fiedler_value,1.0,1.0
13,13,connectivity_ratio,1.0,1.0
13,13,spectral_entropy_norm,1.0,1.0
13,13,hfer,1.0,1.0
13,13,spectral_radius,1.0,-1.0
13,14,fiedler_value,1.0,-1.0
13,14,connectivity_ratio,1.0,-1.0
13,14,spectral_entropy_norm,1.0,1.0
13,14,hfer,1.0,-1.0
13,14,spectral_radius,1.0,-1.0
13,15,fiedler_value,1.0,1.0
13,15,connectivity_ratio,1.0,1.0
13,15,spectral_entropy_norm,1.0,1.0
13,15,hfer,1.0,-1.0
13,15,spectral_radius,1.0,-1.0
14,0,fiedler_value,1.0,-1.0
14,0,connectivity_ratio,1.0,-1.0
14,0,spectral_entropy_norm,1.0,1.0
14,0,hfer,1.0,-1.0
14,0,spectral_radius,1.0,-1.0
14,1,fiedler_value,1.0,-1.0
14,1,connectivity_ratio,1.0,-1.0
14,1,spectral_entropy_norm,1.0,1.0
14,1,hfer,1.0,-1.0
14,1,spectral_radius,1.0,-1.0
14,2,fiedler_value,1.0,-1.0
14,2,connectivity_ratio,1.0,-1.0
14,2,spectral_entropy_norm,1.0,1.0
14,2,hfer,1.0,-1.0
14,2,spectral_radius,1.0,-1.0
14,3,fiedler_value,1.0,-1.0
14,3,connectivity_ratio,1.0,-1.0
14,3,spectral_entropy_norm,1.0,1.0
14,3,hfer,1.0,-1.0
14,3,spectral_radius,1.0,-1.0
14,4,fiedler_value,1.0,-1.0
14,4,connectivity_ratio,1.0,-1.0
14,4,spectral_entropy_norm,1.0,1.0
14,4,hfer,1.0,-1.0
14,4,spectral_radius,1.0,-1.0
14,5,fiedler_value,1.0,-1.0
14,5,connectivity_ratio,1.0,-1.0
14,5,spectral_entropy_norm,1.0,1.0
14,5,hfer,1.0,-1.0
14,5,spectral_radius,1.0,-1.0
14,6,fiedler_value,1.0,1.0
14,6,connectivity_ratio,1.0,1.0
14,6,spectral_entropy_norm,1.0,1.0
14,6,hfer,1.0,-1.0
14,6,spectral_radius,1.0,-1.0
14,7,fiedler_value,1.0,1.0
14,7,connectivity_ratio,1.0,1.0
14,7,spectral_entropy_norm,1.0,1.0
14,7,hfer,1.0,-1.0
14,7,spectral_radius,1.0,1.0
14,8,fiedler_value,1.0,-1.0
14,8,connectivity_ratio,1.0,-1.0
14,8,spectral_entropy_norm,1.0,1.0
14,8,hfer,1.0,1.0
14,8,spectral_radius,1.0,-1.0
14,9,fiedler_value,1.0,-1.0
14,9,connectivity_ratio,1.0,-1.0
14,9,spectral_entropy_norm,1.0,1.0
14,9,hfer,1.0,1.0
14,9,spectral_radius,1.0,1.0
14,10,fiedler_value,1.0,1.0
14,10,connectivity_ratio,1.0,1.0
14,10,spectral_entropy_norm,1.0,1.0
14,10,hfer,1.0,-1.0
14,10,spectral_radius,1.0,-1.0
14,11,fiedler_value,1.0,-1.0
14,11,connectivity_ratio,1.0,-1.0
14,11,spectral_entropy_norm,1.0,1.0
14,11,hfer,1.0,-1.0
14,11,spectral_radius,1.0,1.0
14,12,fiedler_value,1.0,-1.0
14,12,connectivity_ratio,1.0,-1.0
14,12,spectral_entropy_norm,1.0,1.0
14,12,hfer,1.0,-1.0
14,12,spectral_radius,1.0,-1.0
14,13,fiedler_value,1.0,1.0
14,13,connectivity_ratio,1.0,1.0
14,13,spectral_entropy_norm,1.0,-1.0
14,13,hfer,1.0,1.0
14,13,spectral_radius,1.0,-1.0
14,14,fiedler_value,1.0,-1.0
14,14,connectivity_ratio,1.0,-1.0
14,14,spectral_entropy_norm,1.0,1.0
14,14,hfer,1.0,1.0
14,14,spectral_radius,1.0,1.0
14,15,fiedler_value,1.0,-1.0
14,15,connectivity_ratio,1.0,-1.0
14,15,spectral_entropy_norm,1.0,-1.0
14,15,hfer,1.0,1.0
14,15,spectral_radius,1.0,-1.0
15,0,fiedler_value,1.0,-1.0
15,0,connectivity_ratio,1.0,-1.0
15,0,spectral_entropy_norm,1.0,1.0
15,0,hfer,1.0,-1.0
15,0,spectral_radius,1.0,1.0
15,1,fiedler_value,1.0,-1.0
15,1,connectivity_ratio,1.0,-1.0
15,1,spectral_entropy_norm,1.0,-1.0
15,1,hfer,1.0,1.0
15,1,spectral_radius,1.0,-1.0
15,2,fiedler_value,1.0,-1.0
15,2,connectivity_ratio,1.0,-1.0
15,2,spectral_entropy_norm,1.0,1.0
15,2,hfer,1.0,-1.0
15,2,spectral_radius,1.0,1.0
15,3,fiedler_value,1.0,-1.0
15,3,connectivity_ratio,1.0,-1.0
15,3,spectral_entropy_norm,1.0,1.0
15,3,hfer,1.0,1.0
15,3,spectral_radius,1.0,-1.0
15,4,fiedler_value,1.0,1.0
15,4,connectivity_ratio,1.0,1.0
15,4,spectral_entropy_norm,1.0,1.0
15,4,hfer,1.0,-1.0
15,4,spectral_radius,1.0,-1.0
15,5,fiedler_value,1.0,1.0
15,5,connectivity_ratio,1.0,1.0
15,5,spectral_entropy_norm,1.0,1.0
15,5,hfer,1.0,1.0
15,5,spectral_radius,1.0,-1.0
15,6,fiedler_value,1.0,-1.0
15,6,connectivity_ratio,1.0,-1.0
15,6,spectral_entropy_norm,1.0,1.0
15,6,hfer,1.0,1.0
15,6,spectral_radius,1.0,-1.0
15,7,fiedler_value,1.0,-1.0
15,7,connectivity_ratio,1.0,-1.0
15,7,spectral_entropy_norm,1.0,1.0
15,7,hfer,1.0,-1.0
15,7,spectral_radius,1.0,-1.0
15,8,fiedler_value,1.0,1.0
15,8,connectivity_ratio,1.0,1.0
15,8,spectral_entropy_norm,1.0,1.0
15,8,hfer,1.0,-1.0
15,8,spectral_radius,1.0,-1.0
15,9,fiedler_value,1.0,1.0
15,9,connectivity_ratio,1.0,1.0
15,9,spectral_entropy_norm,1.0,1.0
15,9,hfer,1.0,-1.0
15,9,spectral_radius,1.0,-1.0
15,10,fiedler_value,1.0,1.0
15,10,connectivity_ratio,1.0,1.0
15,10,spectral_entropy_norm,1.0,1.0
15,10,hfer,1.0,-1.0
15,10,spectral_radius,1.0,1.0
15,11,fiedler_value,1.0,-1.0
15,11,connectivity_ratio,1.0,-1.0
15,11,spectral_entropy_norm,1.0,1.0
15,11,hfer,1.0,1.0
15,11,spectral_radius,1.0,-1.0
15,12,fiedler_value,1.0,-1.0
15,12,connectivity_ratio,1.0,1.0
15,12,spectral_entropy_norm,1.0,1.0
15,12,hfer,1.0,-1.0
15,12,spectral_radius,1.0,-1.0
15,13,fiedler_value,1.0,-1.0
15,13,connectivity_ratio,1.0,-1.0
15,13,spectral_entropy_norm,1.0,1.0
15,13,hfer,1.0,1.0
15,13,spectral_radius,1.0,-1.0
15,14,fiedler_value,1.0,-1.0
15,14,connectivity_ratio,1.0,-1.0
15,14,spectral_entropy_norm,1.0,1.0
15,14,hfer,1.0,-1.0
15,14,spectral_radius,1.0,1.0
15,15,fiedler_value,1.0,1.0
15,15,connectivity_ratio,1.0,1.0
15,15,spectral_entropy_norm,1.0,1.0
15,15,hfer,1.0,-1.0
15,15,spectral_radius,1.0,1.0
16,0,fiedler_value,1.0,-1.0
16,0,connectivity_ratio,1.0,-1.0
16,0,spectral_entropy_norm,1.0,1.0
16,0,hfer,1.0,-1.0
16,0,spectral_radius,1.0,-1.0
16,1,fiedler_value,1.0,-1.0
16,1,connectivity_ratio,1.0,-1.0
16,1,spectral_entropy_norm,1.0,1.0
16,1,hfer,1.0,-1.0
16,1,spectral_radius,1.0,-1.0
16,2,fiedler_value,1.0,1.0
16,2,connectivity_ratio,1.0,1.0
16,2,spectral_entropy_norm,1.0,1.0
16,2,hfer,1.0,-1.0
16,2,spectral_radius,1.0,-1.0
16,3,fiedler_value,1.0,-1.0
16,3,connectivity_ratio,1.0,-1.0
16,3,spectral_entropy_norm,1.0,1.0
16,3,hfer,1.0,1.0
16,3,spectral_radius,1.0,-1.0
16,4,fiedler_value,1.0,-1.0
16,4,connectivity_ratio,1.0,-1.0
16,4,spectral_entropy_norm,1.0,1.0
16,4,hfer,1.0,-1.0
16,4,spectral_radius,1.0,-1.0
16,5,fiedler_value,1.0,-1.0
16,5,connectivity_ratio,1.0,-1.0
16,5,spectral_entropy_norm,1.0,1.0
16,5,hfer,1.0,1.0
16,5,spectral_radius,1.0,1.0
16,6,fiedler_value,1.0,-1.0
16,6,connectivity_ratio,1.0,-1.0
16,6,spectral_entropy_norm,1.0,1.0
16,6,hfer,1.0,1.0
16,6,spectral_radius,1.0,-1.0
16,7,fiedler_value,1.0,-1.0
16,7,connectivity_ratio,1.0,-1.0
16,7,spectral_entropy_norm,1.0,1.0
16,7,hfer,1.0,-1.0
16,7,spectral_radius,1.0,-1.0
16,8,fiedler_value,1.0,1.0
16,8,connectivity_ratio,1.0,1.0
16,8,spectral_entropy_norm,1.0,1.0
16,8,hfer,1.0,-1.0
16,8,spectral_radius,1.0,-1.0
16,9,fiedler_value,1.0,-1.0
16,9,connectivity_ratio,1.0,-1.0
16,9,spectral_entropy_norm,1.0,1.0
16,9,hfer,1.0,-1.0
16,9,spectral_radius,1.0,-1.0
16,10,fiedler_value,1.0,1.0
16,10,connectivity_ratio,1.0,1.0
16,10,spectral_entropy_norm,1.0,1.0
16,10,hfer,1.0,1.0
16,10,spectral_radius,1.0,-1.0
16,11,fiedler_value,1.0,1.0
16,11,connectivity_ratio,1.0,-1.0
16,11,spectral_entropy_norm,1.0,-1.0
16,11,hfer,1.0,1.0
16,11,spectral_radius,1.0,1.0
16,12,fiedler_value,1.0,-1.0
16,12,connectivity_ratio,1.0,-1.0
16,12,spectral_entropy_norm,1.0,1.0
16,12,hfer,1.0,-1.0
16,12,spectral_radius,1.0,1.0
16,13,fiedler_value,1.0,-1.0
16,13,connectivity_ratio,1.0,-1.0
16,13,spectral_entropy_norm,1.0,1.0
16,13,hfer,1.0,-1.0
16,13,spectral_radius,1.0,-1.0
16,14,fiedler_value,1.0,1.0
16,14,connectivity_ratio,1.0,1.0
16,14,spectral_entropy_norm,1.0,1.0
16,14,hfer,1.0,-1.0
16,14,spectral_radius,1.0,-1.0
16,15,fiedler_value,1.0,-1.0
16,15,connectivity_ratio,1.0,-1.0
16,15,spectral_entropy_norm,1.0,1.0
16,15,hfer,1.0,-1.0
16,15,spectral_radius,1.0,-1.0
17,0,fiedler_value,1.0,-1.0
17,0,connectivity_ratio,1.0,-1.0
17,0,spectral_entropy_norm,1.0,1.0
17,0,hfer,1.0,-1.0
17,0,spectral_radius,1.0,-1.0
17,1,fiedler_value,1.0,-1.0
17,1,connectivity_ratio,1.0,-1.0
17,1,spectral_entropy_norm,1.0,1.0
17,1,hfer,1.0,-1.0
17,1,spectral_radius,1.0,1.0
17,2,fiedler_value,1.0,-1.0
17,2,connectivity_ratio,1.0,-1.0
17,2,spectral_entropy_norm,1.0,-1.0
17,2,hfer,1.0,1.0
17,2,spectral_radius,1.0,-1.0
17,3,fiedler_value,1.0,1.0
17,3,connectivity_ratio,1.0,1.0
17,3,spectral_entropy_norm,1.0,1.0
17,3,hfer,1.0,-1.0
17,3,spectral_radius,1.0,-1.0
17,4,fiedler_value,1.0,-1.0
17,4,connectivity_ratio,1.0,-1.0
17,4,spectral_entropy_norm,1.0,1.0
17,4,hfer,1.0,-1.0
17,4,spectral_radius,1.0,-1.0
17,5,fiedler_value,1.0,1.0
17,5,connectivity_ratio,1.0,1.0
17,5,spectral_entropy_norm,1.0,1.0
17,5,hfer,1.0,-1.0
17,5,spectral_radius,1.0,-1.0
17,6,fiedler_value,1.0,-1.0
17,6,connectivity_ratio,1.0,-1.0
17,6,spectral_entropy_norm,1.0,1.0
17,6,hfer,1.0,1.0
17,6,spectral_radius,1.0,1.0
17,7,fiedler_value,1.0,-1.0
17,7,connectivity_ratio,1.0,-1.0
17,7,spectral_entropy_norm,1.0,1.0
17,7,hfer,1.0,-1.0
17,7,spectral_radius,1.0,-1.0
17,8,fiedler_value,1.0,-1.0
17,8,connectivity_ratio,1.0,-1.0
17,8,spectral_entropy_norm,1.0,1.0
17,8,hfer,1.0,-1.0
17,8,spectral_radius,1.0,1.0
17,9,fiedler_value,1.0,1.0
17,9,connectivity_ratio,1.0,1.0
17,9,spectral_entropy_norm,1.0,1.0
17,9,hfer,1.0,-1.0
17,9,spectral_radius,1.0,-1.0
17,10,fiedler_value,1.0,1.0
17,10,connectivity_ratio,1.0,1.0
17,10,spectral_entropy_norm,1.0,1.0
17,10,hfer,1.0,-1.0
17,10,spectral_radius,1.0,-1.0
17,11,fiedler_value,1.0,1.0
17,11,connectivity_ratio,1.0,1.0
17,11,spectral_entropy_norm,1.0,1.0
17,11,hfer,1.0,-1.0
17,11,spectral_radius,1.0,-1.0
17,12,fiedler_value,1.0,-1.0
17,12,connectivity_ratio,1.0,-1.0
17,12,spectral_entropy_norm,1.0,1.0
17,12,hfer,1.0,-1.0
17,12,spectral_radius,1.0,1.0
17,13,fiedler_value,1.0,-1.0
17,13,connectivity_ratio,1.0,1.0
17,13,spectral_entropy_norm,1.0,1.0
17,13,hfer,1.0,-1.0
17,13,spectral_radius,1.0,-1.0
17,14,fiedler_value,1.0,1.0
17,14,connectivity_ratio,1.0,1.0
17,14,spectral_entropy_norm,1.0,1.0
17,14,hfer,1.0,-1.0
17,14,spectral_radius,1.0,-1.0
17,15,fiedler_value,1.0,-1.0
17,15,connectivity_ratio,1.0,-1.0
17,15,spectral_entropy_norm,1.0,1.0
17,15,hfer,1.0,-1.0
17,15,spectral_radius,1.0,-1.0
18,0,fiedler_value,1.0,-1.0
18,0,connectivity_ratio,1.0,-1.0
18,0,spectral_entropy_norm,1.0,1.0
18,0,hfer,1.0,1.0
18,0,spectral_radius,1.0,-1.0
18,1,fiedler_value,1.0,-1.0
18,1,connectivity_ratio,1.0,-1.0
18,1,spectral_entropy_norm,1.0,1.0
18,1,hfer,1.0,-1.0
18,1,spectral_radius,1.0,-1.0
18,2,fiedler_value,1.0,-1.0
18,2,connectivity_ratio,1.0,-1.0
18,2,spectral_entropy_norm,1.0,1.0
18,2,hfer,1.0,-1.0
18,2,spectral_radius,1.0,-1.0
18,3,fiedler_value,1.0,1.0
18,3,connectivity_ratio,1.0,1.0
18,3,spectral_entropy_norm,1.0,1.0
18,3,hfer,1.0,-1.0
18,3,spectral_radius,1.0,-1.0
18,4,fiedler_value,1.0,-1.0
18,4,connectivity_ratio,1.0,-1.0
18,4,spectral_entropy_norm,1.0,1.0
18,4,hfer,1.0,1.0
18,4,spectral_radius,1.0,1.0
18,5,fiedler_value,1.0,-1.0
18,5,connectivity_ratio,1.0,-1.0
18,5,spectral_entropy_norm,1.0,1.0
18,5,hfer,1.0,1.0
18,5,spectral_radius,1.0,-1.0
18,6,fiedler_value,1.0,-1.0
18,6,connectivity_ratio,1.0,-1.0
18,6,spectral_entropy_norm,1.0,1.0
18,6,hfer,1.0,-1.0
18,6,spectral_radius,1.0,-1.0
18,7,fiedler_value,1.0,1.0
18,7,connectivity_ratio,1.0,1.0
18,7,spectral_entropy_norm,1.0,1.0
18,7,hfer,1.0,-1.0
18,7,spectral_radius,1.0,-1.0
18,8,fiedler_value,1.0,-1.0
18,8,connectivity_ratio,1.0,-1.0
18,8,spectral_entropy_norm,1.0,-1.0
18,8,hfer,1.0,1.0
18,8,spectral_radius,1.0,1.0
18,9,fiedler_value,1.0,1.0
18,9,connectivity_ratio,1.0,1.0
18,9,spectral_entropy_norm,1.0,1.0
18,9,hfer,1.0,-1.0
18,9,spectral_radius,1.0,-1.0
18,10,fiedler_value,1.0,-1.0
18,10,connectivity_ratio,1.0,-1.0
18,10,spectral_entropy_norm,1.0,1.0
18,10,hfer,1.0,1.0
18,10,spectral_radius,1.0,-1.0
18,11,fiedler_value,1.0,1.0
18,11,connectivity_ratio,1.0,1.0
18,11,spectral_entropy_norm,1.0,-1.0
18,11,hfer,1.0,1.0
18,11,spectral_radius,1.0,-1.0
18,12,fiedler_value,1.0,1.0
18,12,connectivity_ratio,1.0,1.0
18,12,spectral_entropy_norm,1.0,1.0
18,12,hfer,1.0,-1.0
18,12,spectral_radius,1.0,-1.0
18,13,fiedler_value,1.0,-1.0
18,13,connectivity_ratio,1.0,1.0
18,13,spectral_entropy_norm,1.0,1.0
18,13,hfer,1.0,1.0
18,13,spectral_radius,1.0,-1.0
18,14,fiedler_value,1.0,1.0
18,14,connectivity_ratio,1.0,1.0
18,14,spectral_entropy_norm,1.0,1.0
18,14,hfer,1.0,-1.0
18,14,spectral_radius,1.0,-1.0
18,15,fiedler_value,1.0,1.0
18,15,connectivity_ratio,1.0,1.0
18,15,spectral_entropy_norm,1.0,1.0
18,15,hfer,1.0,-1.0
18,15,spectral_radius,1.0,-1.0
19,0,fiedler_value,1.0,-1.0
19,0,connectivity_ratio,1.0,1.0
19,0,spectral_entropy_norm,1.0,1.0
19,0,hfer,1.0,1.0
19,0,spectral_radius,1.0,-1.0
19,1,fiedler_value,1.0,-1.0
19,1,connectivity_ratio,1.0,-1.0
19,1,spectral_entropy_norm,1.0,-1.0
19,1,hfer,1.0,1.0
19,1,spectral_radius,1.0,-1.0
19,2,fiedler_value,1.0,-1.0
19,2,connectivity_ratio,1.0,-1.0
19,2,spectral_entropy_norm,1.0,-1.0
19,2,hfer,1.0,1.0
19,2,spectral_radius,1.0,1.0
19,3,fiedler_value,1.0,-1.0
19,3,connectivity_ratio,1.0,-1.0
19,3,spectral_entropy_norm,1.0,1.0
19,3,hfer,1.0,1.0
19,3,spectral_radius,1.0,-1.0
19,4,fiedler_value,1.0,-1.0
19,4,connectivity_ratio,1.0,-1.0
19,4,spectral_entropy_norm,1.0,1.0
19,4,hfer,1.0,1.0
19,4,spectral_radius,1.0,-1.0
19,5,fiedler_value,1.0,-1.0
19,5,connectivity_ratio,1.0,-1.0
19,5,spectral_entropy_norm,1.0,1.0
19,5,hfer,1.0,1.0
19,5,spectral_radius,1.0,1.0
19,6,fiedler_value,1.0,-1.0
19,6,connectivity_ratio,1.0,-1.0
19,6,spectral_entropy_norm,1.0,1.0
19,6,hfer,1.0,-1.0
19,6,spectral_radius,1.0,-1.0
19,7,fiedler_value,1.0,1.0
19,7,connectivity_ratio,1.0,1.0
19,7,spectral_entropy_norm,1.0,1.0
19,7,hfer,1.0,-1.0
19,7,spectral_radius,1.0,-1.0
19,8,fiedler_value,1.0,-1.0
19,8,connectivity_ratio,1.0,-1.0
19,8,spectral_entropy_norm,1.0,1.0
19,8,hfer,1.0,1.0
19,8,spectral_radius,1.0,-1.0
19,9,fiedler_value,1.0,1.0
19,9,connectivity_ratio,1.0,1.0
19,9,spectral_entropy_norm,1.0,1.0
19,9,hfer,1.0,-1.0
19,9,spectral_radius,1.0,-1.0
19,10,fiedler_value,1.0,1.0
19,10,connectivity_ratio,1.0,1.0
19,10,spectral_entropy_norm,1.0,1.0
19,10,hfer,1.0,-1.0
19,10,spectral_radius,1.0,-1.0
19,11,fiedler_value,1.0,-1.0
19,11,connectivity_ratio,1.0,-1.0
19,11,spectral_entropy_norm,1.0,1.0
19,11,hfer,1.0,1.0
19,11,spectral_radius,1.0,-1.0
19,12,fiedler_value,1.0,-1.0
19,12,connectivity_ratio,1.0,-1.0
19,12,spectral_entropy_norm,1.0,1.0
19,12,hfer,1.0,1.0
19,12,spectral_radius,1.0,1.0
19,13,fiedler_value,1.0,-1.0
19,13,connectivity_ratio,1.0,-1.0
19,13,spectral_entropy_norm,1.0,1.0
19,13,hfer,1.0,-1.0
19,13,spectral_radius,1.0,-1.0
19,14,fiedler_value,1.0,-1.0
19,14,connectivity_ratio,1.0,-1.0
19,14,spectral_entropy_norm,1.0,1.0
19,14,hfer,1.0,1.0
19,14,spectral_radius,1.0,-1.0
19,15,fiedler_value,1.0,-1.0
19,15,connectivity_ratio,1.0,-1.0
19,15,spectral_entropy_norm,1.0,-1.0
19,15,hfer,1.0,1.0
19,15,spectral_radius,1.0,-1.0
20,0,fiedler_value,1.0,-1.0
20,0,connectivity_ratio,1.0,-1.0
20,0,spectral_entropy_norm,1.0,1.0
20,0,hfer,1.0,-1.0
20,0,spectral_radius,1.0,-1.0
20,1,fiedler_value,1.0,-1.0
20,1,connectivity_ratio,1.0,-1.0
20,1,spectral_entropy_norm,1.0,1.0
20,1,hfer,1.0,-1.0
20,1,spectral_radius,1.0,-1.0
20,2,fiedler_value,1.0,-1.0
20,2,connectivity_ratio,1.0,-1.0
20,2,spectral_entropy_norm,1.0,1.0
20,2,hfer,1.0,-1.0
20,2,spectral_radius,1.0,-1.0
20,3,fiedler_value,1.0,1.0
20,3,connectivity_ratio,1.0,1.0
20,3,spectral_entropy_norm,1.0,1.0
20,3,hfer,1.0,-1.0
20,3,spectral_radius,1.0,-1.0
20,4,fiedler_value,1.0,1.0
20,4,connectivity_ratio,1.0,1.0
20,4,spectral_entropy_norm,1.0,1.0
20,4,hfer,1.0,-1.0
20,4,spectral_radius,1.0,-1.0
20,5,fiedler_value,1.0,1.0
20,5,connectivity_ratio,1.0,1.0
20,5,spectral_entropy_norm,1.0,1.0
20,5,hfer,1.0,-1.0
20,5,spectral_radius,1.0,-1.0
20,6,fiedler_value,1.0,-1.0
20,6,connectivity_ratio,1.0,-1.0
20,6,spectral_entropy_norm,1.0,1.0
20,6,hfer,1.0,1.0
20,6,spectral_radius,1.0,-1.0
20,7,fiedler_value,1.0,-1.0
20,7,connectivity_ratio,1.0,-1.0
20,7,spectral_entropy_norm,1.0,1.0
20,7,hfer,1.0,-1.0
20,7,spectral_radius,1.0,1.0
20,8,fiedler_value,1.0,-1.0
20,8,connectivity_ratio,1.0,-1.0
20,8,spectral_entropy_norm,1.0,-1.0
20,8,hfer,1.0,1.0
20,8,spectral_radius,1.0,-1.0
20,9,fiedler_value,1.0,1.0
20,9,connectivity_ratio,1.0,1.0
20,9,spectral_entropy_norm,1.0,1.0
20,9,hfer,1.0,-1.0
20,9,spectral_radius,1.0,-1.0
20,10,fiedler_value,1.0,-1.0
20,10,connectivity_ratio,1.0,-1.0
20,10,spectral_entropy_norm,1.0,1.0
20,10,hfer,1.0,-1.0
20,10,spectral_radius,1.0,-1.0
20,11,fiedler_value,1.0,-1.0
20,11,connectivity_ratio,1.0,-1.0
20,11,spectral_entropy_norm,1.0,-1.0
20,11,hfer,1.0,1.0
20,11,spectral_radius,1.0,-1.0
20,12,fiedler_value,1.0,-1.0
20,12,connectivity_ratio,1.0,-1.0
20,12,spectral_entropy_norm,1.0,1.0
20,12,hfer,1.0,-1.0
20,12,spectral_radius,1.0,-1.0
20,13,fiedler_value,1.0,-1.0
20,13,connectivity_ratio,1.0,-1.0
20,13,spectral_entropy_norm,1.0,1.0
20,13,hfer,1.0,1.0
20,13,spectral_radius,1.0,-1.0
20,14,fiedler_value,1.0,-1.0
20,14,connectivity_ratio,1.0,-1.0
20,14,spectral_entropy_norm,1.0,1.0
20,14,hfer,1.0,1.0
20,14,spectral_radius,1.0,-1.0
20,15,fiedler_value,1.0,-1.0
20,15,connectivity_ratio,1.0,-1.0
20,15,spectral_entropy_norm,1.0,1.0
20,15,hfer,1.0,-1.0
20,15,spectral_radius,1.0,-1.0
21,0,fiedler_value,1.0,-1.0
21,0,connectivity_ratio,1.0,-1.0
21,0,spectral_entropy_norm,1.0,-1.0
21,0,hfer,1.0,1.0
21,0,spectral_radius,1.0,-1.0
21,1,fiedler_value,1.0,-1.0
21,1,connectivity_ratio,1.0,-1.0
21,1,spectral_entropy_norm,1.0,-1.0
21,1,hfer,1.0,1.0
21,1,spectral_radius,1.0,-1.0
21,2,fiedler_value,1.0,-1.0
21,2,connectivity_ratio,1.0,-1.0
21,2,spectral_entropy_norm,1.0,1.0
21,2,hfer,1.0,1.0
21,2,spectral_radius,1.0,-1.0
21,3,fiedler_value,1.0,-1.0
21,3,connectivity_ratio,1.0,-1.0
21,3,spectral_entropy_norm,1.0,1.0
21,3,hfer,1.0,1.0
21,3,spectral_radius,1.0,-1.0
21,4,fiedler_value,1.0,-1.0
21,4,connectivity_ratio,1.0,-1.0
21,4,spectral_entropy_norm,1.0,1.0
21,4,hfer,1.0,1.0
21,4,spectral_radius,1.0,-1.0
21,5,fiedler_value,1.0,-1.0
21,5,connectivity_ratio,1.0,-1.0
21,5,spectral_entropy_norm,1.0,1.0
21,5,hfer,1.0,-1.0
21,5,spectral_radius,1.0,-1.0
21,6,fiedler_value,1.0,-1.0
21,6,connectivity_ratio,1.0,-1.0
21,6,spectral_entropy_norm,1.0,1.0
21,6,hfer,1.0,1.0
21,6,spectral_radius,1.0,-1.0
21,7,fiedler_value,1.0,1.0
21,7,connectivity_ratio,1.0,1.0
21,7,spectral_entropy_norm,1.0,-1.0
21,7,hfer,1.0,1.0
21,7,spectral_radius,1.0,-1.0
21,8,fiedler_value,1.0,-1.0
21,8,connectivity_ratio,1.0,-1.0
21,8,spectral_entropy_norm,1.0,1.0
21,8,hfer,1.0,1.0
21,8,spectral_radius,1.0,-1.0
21,9,fiedler_value,1.0,-1.0
21,9,connectivity_ratio,1.0,-1.0
21,9,spectral_entropy_norm,1.0,1.0
21,9,hfer,1.0,-1.0
21,9,spectral_radius,1.0,-1.0
21,10,fiedler_value,1.0,-1.0
21,10,connectivity_ratio,1.0,-1.0
21,10,spectral_entropy_norm,1.0,-1.0
21,10,hfer,1.0,1.0
21,10,spectral_radius,1.0,1.0
21,11,fiedler_value,1.0,-1.0
21,11,connectivity_ratio,1.0,-1.0
21,11,spectral_entropy_norm,1.0,1.0
21,11,hfer,1.0,-1.0
21,11,spectral_radius,1.0,-1.0
21,12,fiedler_value,1.0,-1.0
21,12,connectivity_ratio,1.0,-1.0
21,12,spectral_entropy_norm,1.0,1.0
21,12,hfer,1.0,1.0
21,12,spectral_radius,1.0,-1.0
21,13,fiedler_value,1.0,-1.0
21,13,connectivity_ratio,1.0,-1.0
21,13,spectral_entropy_norm,1.0,1.0
21,13,hfer,1.0,-1.0
21,13,spectral_radius,1.0,1.0
21,14,fiedler_value,1.0,-1.0
21,14,connectivity_ratio,1.0,-1.0
21,14,spectral_entropy_norm,1.0,1.0
21,14,hfer,1.0,1.0
21,14,spectral_radius,1.0,-1.0
21,15,fiedler_value,1.0,-1.0
21,15,connectivity_ratio,1.0,-1.0
21,15,spectral_entropy_norm,1.0,1.0
21,15,hfer,1.0,1.0
21,15,spectral_radius,1.0,-1.0
22,0,fiedler_value,1.0,-1.0
22,0,connectivity_ratio,1.0,-1.0
22,0,spectral_entropy_norm,1.0,1.0
22,0,hfer,1.0,-1.0
22,0,spectral_radius,1.0,1.0
22,1,fiedler_value,1.0,-1.0
22,1,connectivity_ratio,1.0,-1.0
22,1,spectral_entropy_norm,1.0,1.0
22,1,hfer,1.0,1.0
22,1,spectral_radius,1.0,-1.0
22,2,fiedler_value,1.0,-1.0
22,2,connectivity_ratio,1.0,-1.0
22,2,spectral_entropy_norm,1.0,1.0
22,2,hfer,1.0,-1.0
22,2,spectral_radius,1.0,-1.0
22,3,fiedler_value,1.0,-1.0
22,3,connectivity_ratio,1.0,-1.0
22,3,spectral_entropy_norm,1.0,-1.0
22,3,hfer,1.0,1.0
22,3,spectral_radius,1.0,1.0
22,4,fiedler_value,1.0,-1.0
22,4,connectivity_ratio,1.0,-1.0
22,4,spectral_entropy_norm,1.0,1.0
22,4,hfer,1.0,-1.0
22,4,spectral_radius,1.0,-1.0
22,5,fiedler_value,1.0,-1.0
22,5,connectivity_ratio,1.0,-1.0
22,5,spectral_entropy_norm,1.0,-1.0
22,5,hfer,1.0,1.0
22,5,spectral_radius,1.0,1.0
22,6,fiedler_value,1.0,-1.0
22,6,connectivity_ratio,1.0,-1.0
22,6,spectral_entropy_norm,1.0,1.0
22,6,hfer,1.0,-1.0
22,6,spectral_radius,1.0,-1.0
22,7,fiedler_value,1.0,-1.0
22,7,connectivity_ratio,1.0,-1.0
22,7,spectral_entropy_norm,1.0,1.0
22,7,hfer,1.0,1.0
22,7,spectral_radius,1.0,-1.0
22,8,fiedler_value,1.0,-1.0
22,8,connectivity_ratio,1.0,-1.0
22,8,spectral_entropy_norm,1.0,1.0
22,8,hfer,1.0,-1.0
22,8,spectral_radius,1.0,-1.0
22,9,fiedler_value,1.0,1.0
22,9,connectivity_ratio,1.0,1.0
22,9,spectral_entropy_norm,1.0,1.0
22,9,hfer,1.0,-1.0
22,9,spectral_radius,1.0,-1.0
22,10,fiedler_value,1.0,-1.0
22,10,connectivity_ratio,1.0,-1.0
22,10,spectral_entropy_norm,1.0,1.0
22,10,hfer,1.0,-1.0
22,10,spectral_radius,1.0,-1.0
22,11,fiedler_value,1.0,-1.0
22,11,connectivity_ratio,1.0,-1.0
22,11,spectral_entropy_norm,1.0,1.0
22,11,hfer,1.0,-1.0
22,11,spectral_radius,1.0,-1.0
22,12,fiedler_value,1.0,-1.0
22,12,connectivity_ratio,1.0,-1.0
22,12,spectral_entropy_norm,1.0,-1.0
22,12,hfer,1.0,1.0
22,12,spectral_radius,1.0,-1.0
22,13,fiedler_value,1.0,1.0
22,13,connectivity_ratio,1.0,1.0
22,13,spectral_entropy_norm,1.0,1.0
22,13,hfer,1.0,-1.0
22,13,spectral_radius,1.0,-1.0
22,14,fiedler_value,1.0,1.0
22,14,connectivity_ratio,1.0,1.0
22,14,spectral_entropy_norm,1.0,1.0
22,14,hfer,1.0,1.0
22,14,spectral_radius,1.0,-1.0
22,15,fiedler_value,1.0,-1.0
22,15,connectivity_ratio,1.0,1.0
22,15,spectral_entropy_norm,1.0,1.0
22,15,hfer,1.0,-1.0
22,15,spectral_radius,1.0,-1.0
23,0,fiedler_value,1.0,-1.0
23,0,connectivity_ratio,1.0,-1.0
23,0,spectral_entropy_norm,1.0,1.0
23,0,hfer,1.0,-1.0
23,0,spectral_radius,1.0,-1.0
23,1,fiedler_value,1.0,-1.0
23,1,connectivity_ratio,1.0,1.0
23,1,spectral_entropy_norm,1.0,1.0
23,1,hfer,1.0,1.0
23,1,spectral_radius,1.0,-1.0
23,2,fiedler_value,1.0,-1.0
23,2,connectivity_ratio,1.0,-1.0
23,2,spectral_entropy_norm,1.0,1.0
23,2,hfer,1.0,-1.0
23,2,spectral_radius,1.0,1.0
23,3,fiedler_value,1.0,-1.0
23,3,connectivity_ratio,1.0,-1.0
23,3,spectral_entropy_norm,1.0,1.0
23,3,hfer,1.0,1.0
23,3,spectral_radius,1.0,1.0
23,4,fiedler_value,1.0,-1.0
23,4,connectivity_ratio,1.0,-1.0
23,4,spectral_entropy_norm,1.0,1.0
23,4,hfer,1.0,1.0
23,4,spectral_radius,1.0,-1.0
23,5,fiedler_value,1.0,-1.0
23,5,connectivity_ratio,1.0,-1.0
23,5,spectral_entropy_norm,1.0,1.0
23,5,hfer,1.0,1.0
23,5,spectral_radius,1.0,1.0
23,6,fiedler_value,1.0,-1.0
23,6,connectivity_ratio,1.0,-1.0
23,6,spectral_entropy_norm,1.0,1.0
23,6,hfer,1.0,1.0
23,6,spectral_radius,1.0,-1.0
23,7,fiedler_value,1.0,-1.0
23,7,connectivity_ratio,1.0,-1.0
23,7,spectral_entropy_norm,1.0,1.0
23,7,hfer,1.0,1.0
23,7,spectral_radius,1.0,-1.0
23,8,fiedler_value,1.0,-1.0
23,8,connectivity_ratio,1.0,-1.0
23,8,spectral_entropy_norm,1.0,-1.0
23,8,hfer,1.0,1.0
23,8,spectral_radius,1.0,-1.0
23,9,fiedler_value,1.0,-1.0
23,9,connectivity_ratio,1.0,-1.0
23,9,spectral_entropy_norm,1.0,1.0
23,9,hfer,1.0,-1.0
23,9,spectral_radius,1.0,-1.0
23,10,fiedler_value,1.0,-1.0
23,10,connectivity_ratio,1.0,-1.0
23,10,spectral_entropy_norm,1.0,-1.0
23,10,hfer,1.0,1.0
23,10,spectral_radius,1.0,-1.0
23,11,fiedler_value,1.0,-1.0
23,11,connectivity_ratio,1.0,-1.0
23,11,spectral_entropy_norm,1.0,-1.0
23,11,hfer,1.0,1.0
23,11,spectral_radius,1.0,-1.0
23,12,fiedler_value,1.0,-1.0
23,12,connectivity_ratio,1.0,-1.0
23,12,spectral_entropy_norm,1.0,1.0
23,12,hfer,1.0,-1.0
23,12,spectral_radius,1.0,1.0
23,13,fiedler_value,1.0,-1.0
23,13,connectivity_ratio,1.0,-1.0
23,13,spectral_entropy_norm,1.0,1.0
23,13,hfer,1.0,1.0
23,13,spectral_radius,1.0,1.0
23,14,fiedler_value,1.0,-1.0
23,14,connectivity_ratio,1.0,-1.0
23,14,spectral_entropy_norm,1.0,-1.0
23,14,hfer,1.0,1.0
23,14,spectral_radius,1.0,-1.0
23,15,fiedler_value,1.0,1.0
23,15,connectivity_ratio,1.0,1.0
23,15,spectral_entropy_norm,1.0,1.0
23,15,hfer,1.0,-1.0
23,15,spectral_radius,1.0,-1.0
24,0,fiedler_value,1.0,-1.0
24,0,connectivity_ratio,1.0,-1.0
24,0,spectral_entropy_norm,1.0,1.0
24,0,hfer,1.0,-1.0
24,0,spectral_radius,1.0,-1.0
24,1,fiedler_value,1.0,-1.0
24,1,connectivity_ratio,1.0,-1.0
24,1,spectral_entropy_norm,1.0,1.0
24,1,hfer,1.0,1.0
24,1,spectral_radius,1.0,-1.0
24,2,fiedler_value,1.0,-1.0
24,2,connectivity_ratio,1.0,-1.0
24,2,spectral_entropy_norm,1.0,-1.0
24,2,hfer,1.0,1.0
24,2,spectral_radius,1.0,1.0
24,3,fiedler_value,1.0,1.0
24,3,connectivity_ratio,1.0,1.0
24,3,spectral_entropy_norm,1.0,1.0
24,3,hfer,1.0,1.0
24,3,spectral_radius,1.0,-1.0
24,4,fiedler_value,1.0,-1.0
24,4,connectivity_ratio,1.0,-1.0
24,4,spectral_entropy_norm,1.0,-1.0
24,4,hfer,1.0,1.0
24,4,spectral_radius,1.0,-1.0
24,5,fiedler_value,1.0,1.0
24,5,connectivity_ratio,1.0,1.0
24,5,spectral_entropy_norm,1.0,-1.0
24,5,hfer,1.0,1.0
24,5,spectral_radius,1.0,-1.0
24,6,fiedler_value,1.0,-1.0
24,6,connectivity_ratio,1.0,-1.0
24,6,spectral_entropy_norm,1.0,1.0
24,6,hfer,1.0,1.0
24,6,spectral_radius,1.0,1.0
24,7,fiedler_value,1.0,-1.0
24,7,connectivity_ratio,1.0,-1.0
24,7,spectral_entropy_norm,1.0,1.0
24,7,hfer,1.0,1.0
24,7,spectral_radius,1.0,1.0
24,8,fiedler_value,1.0,-1.0
24,8,connectivity_ratio,1.0,-1.0
24,8,spectral_entropy_norm,1.0,1.0
24,8,hfer,1.0,1.0
24,8,spectral_radius,1.0,-1.0
24,9,fiedler_value,1.0,-1.0
24,9,connectivity_ratio,1.0,-1.0
24,9,spectral_entropy_norm,1.0,-1.0
24,9,hfer,1.0,1.0
24,9,spectral_radius,1.0,1.0
24,10,fiedler_value,1.0,1.0
24,10,connectivity_ratio,1.0,1.0
24,10,spectral_entropy_norm,1.0,1.0
24,10,hfer,1.0,-1.0
24,10,spectral_radius,1.0,1.0
24,11,fiedler_value,1.0,-1.0
24,11,connectivity_ratio,1.0,-1.0
24,11,spectral_entropy_norm,1.0,1.0
24,11,hfer,1.0,-1.0
24,11,spectral_radius,1.0,-1.0
24,12,fiedler_value,1.0,-1.0
24,12,connectivity_ratio,1.0,-1.0
24,12,spectral_entropy_norm,1.0,-1.0
24,12,hfer,1.0,1.0
24,12,spectral_radius,1.0,-1.0
24,13,fiedler_value,1.0,-1.0
24,13,connectivity_ratio,1.0,-1.0
24,13,spectral_entropy_norm,1.0,1.0
24,13,hfer,1.0,1.0
24,13,spectral_radius,1.0,-1.0
24,14,fiedler_value,1.0,1.0
24,14,connectivity_ratio,1.0,1.0
24,14,spectral_entropy_norm,1.0,1.0
24,14,hfer,1.0,1.0
24,14,spectral_radius,1.0,1.0
24,15,fiedler_value,1.0,-1.0
24,15,connectivity_ratio,1.0,-1.0
24,15,spectral_entropy_norm,1.0,1.0
24,15,hfer,1.0,1.0
24,15,spectral_radius,1.0,-1.0
25,0,fiedler_value,1.0,-1.0
25,0,connectivity_ratio,1.0,-1.0
25,0,spectral_entropy_norm,1.0,1.0
25,0,hfer,1.0,-1.0
25,0,spectral_radius,1.0,-1.0
25,1,fiedler_value,1.0,1.0
25,1,connectivity_ratio,1.0,1.0
25,1,spectral_entropy_norm,1.0,1.0
25,1,hfer,1.0,-1.0
25,1,spectral_radius,1.0,-1.0
25,2,fiedler_value,1.0,1.0
25,2,connectivity_ratio,1.0,1.0
25,2,spectral_entropy_norm,1.0,1.0
25,2,hfer,1.0,-1.0
25,2,spectral_radius,1.0,-1.0
25,3,fiedler_value,1.0,1.0
25,3,connectivity_ratio,1.0,1.0
25,3,spectral_entropy_norm,1.0,1.0
25,3,hfer,1.0,-1.0
25,3,spectral_radius,1.0,-1.0
25,4,fiedler_value,1.0,1.0
25,4,connectivity_ratio,1.0,1.0
25,4,spectral_entropy_norm,1.0,1.0
25,4,hfer,1.0,-1.0
25,4,spectral_radius,1.0,1.0
25,5,fiedler_value,1.0,1.0
25,5,connectivity_ratio,1.0,1.0
25,5,spectral_entropy_norm,1.0,1.0
25,5,hfer,1.0,-1.0
25,5,spectral_radius,1.0,1.0
25,6,fiedler_value,1.0,1.0
25,6,connectivity_ratio,1.0,1.0
25,6,spectral_entropy_norm,1.0,1.0
25,6,hfer,1.0,-1.0
25,6,spectral_radius,1.0,1.0
25,7,fiedler_value,1.0,-1.0
25,7,connectivity_ratio,1.0,-1.0
25,7,spectral_entropy_norm,1.0,1.0
25,7,hfer,1.0,-1.0
25,7,spectral_radius,1.0,1.0
25,8,fiedler_value,1.0,-1.0
25,8,connectivity_ratio,1.0,-1.0
25,8,spectral_entropy_norm,1.0,1.0
25,8,hfer,1.0,1.0
25,8,spectral_radius,1.0,-1.0
25,9,fiedler_value,1.0,-1.0
25,9,connectivity_ratio,1.0,-1.0
25,9,spectral_entropy_norm,1.0,1.0
25,9,hfer,1.0,-1.0
25,9,spectral_radius,1.0,-1.0
25,10,fiedler_value,1.0,-1.0
25,10,connectivity_ratio,1.0,-1.0
25,10,spectral_entropy_norm,1.0,1.0
25,10,hfer,1.0,1.0
25,10,spectral_radius,1.0,-1.0
25,11,fiedler_value,1.0,1.0
25,11,connectivity_ratio,1.0,1.0
25,11,spectral_entropy_norm,1.0,1.0
25,11,hfer,1.0,-1.0
25,11,spectral_radius,1.0,1.0
25,12,fiedler_value,1.0,-1.0
25,12,connectivity_ratio,1.0,-1.0
25,12,spectral_entropy_norm,1.0,-1.0
25,12,hfer,1.0,1.0
25,12,spectral_radius,1.0,-1.0
25,13,fiedler_value,1.0,-1.0
25,13,connectivity_ratio,1.0,-1.0
25,13,spectral_entropy_norm,1.0,1.0
25,13,hfer,1.0,1.0
25,13,spectral_radius,1.0,-1.0
25,14,fiedler_value,1.0,1.0
25,14,connectivity_ratio,1.0,1.0
25,14,spectral_entropy_norm,1.0,1.0
25,14,hfer,1.0,-1.0
25,14,spectral_radius,1.0,-1.0
25,15,fiedler_value,1.0,-1.0
25,15,connectivity_ratio,1.0,-1.0
25,15,spectral_entropy_norm,1.0,1.0
25,15,hfer,1.0,-1.0
25,15,spectral_radius,1.0,-1.0
26,0,fiedler_value,1.0,-1.0
26,0,connectivity_ratio,1.0,1.0
26,0,spectral_entropy_norm,1.0,1.0
26,0,hfer,1.0,-1.0
26,0,spectral_radius,1.0,-1.0
26,1,fiedler_value,1.0,-1.0
26,1,connectivity_ratio,1.0,-1.0
26,1,spectral_entropy_norm,1.0,1.0
26,1,hfer,1.0,1.0
26,1,spectral_radius,1.0,-1.0
26,2,fiedler_value,1.0,-1.0
26,2,connectivity_ratio,1.0,-1.0
26,2,spectral_entropy_norm,1.0,1.0
26,2,hfer,1.0,-1.0
26,2,spectral_radius,1.0,-1.0
26,3,fiedler_value,1.0,-1.0
26,3,connectivity_ratio,1.0,-1.0
26,3,spectral_entropy_norm,1.0,1.0
26,3,hfer,1.0,1.0
26,3,spectral_radius,1.0,-1.0
26,4,fiedler_value,1.0,-1.0
26,4,connectivity_ratio,1.0,-1.0
26,4,spectral_entropy_norm,1.0,1.0
26,4,hfer,1.0,-1.0
26,4,spectral_radius,1.0,-1.0
26,5,fiedler_value,1.0,-1.0
26,5,connectivity_ratio,1.0,-1.0
26,5,spectral_entropy_norm,1.0,1.0
26,5,hfer,1.0,1.0
26,5,spectral_radius,1.0,-1.0
26,6,fiedler_value,1.0,-1.0
26,6,connectivity_ratio,1.0,-1.0
26,6,spectral_entropy_norm,1.0,1.0
26,6,hfer,1.0,-1.0
26,6,spectral_radius,1.0,1.0
26,7,fiedler_value,1.0,-1.0
26,7,connectivity_ratio,1.0,-1.0
26,7,spectral_entropy_norm,1.0,1.0
26,7,hfer,1.0,-1.0
26,7,spectral_radius,1.0,-1.0
26,8,fiedler_value,1.0,-1.0
26,8,connectivity_ratio,1.0,-1.0
26,8,spectral_entropy_norm,1.0,1.0
26,8,hfer,1.0,1.0
26,8,spectral_radius,1.0,-1.0
26,9,fiedler_value,1.0,1.0
26,9,connectivity_ratio,1.0,1.0
26,9,spectral_entropy_norm,1.0,1.0
26,9,hfer,1.0,-1.0
26,9,spectral_radius,1.0,-1.0
26,10,fiedler_value,1.0,1.0
26,10,connectivity_ratio,1.0,1.0
26,10,spectral_entropy_norm,1.0,1.0
26,10,hfer,1.0,-1.0
26,10,spectral_radius,1.0,-1.0
26,11,fiedler_value,1.0,-1.0
26,11,connectivity_ratio,1.0,-1.0
26,11,spectral_entropy_norm,1.0,-1.0
26,11,hfer,1.0,1.0
26,11,spectral_radius,1.0,-1.0
26,12,fiedler_value,1.0,1.0
26,12,connectivity_ratio,1.0,1.0
26,12,spectral_entropy_norm,1.0,1.0
26,12,hfer,1.0,-1.0
26,12,spectral_radius,1.0,-1.0
26,13,fiedler_value,1.0,-1.0
26,13,connectivity_ratio,1.0,-1.0
26,13,spectral_entropy_norm,1.0,-1.0
26,13,hfer,1.0,1.0
26,13,spectral_radius,1.0,-1.0
26,14,fiedler_value,1.0,-1.0
26,14,connectivity_ratio,1.0,-1.0
26,14,spectral_entropy_norm,1.0,1.0
26,14,hfer,1.0,-1.0
26,14,spectral_radius,1.0,1.0
26,15,fiedler_value,1.0,-1.0
26,15,connectivity_ratio,1.0,-1.0
26,15,spectral_entropy_norm,1.0,1.0
26,15,hfer,1.0,-1.0
26,15,spectral_radius,1.0,1.0
27,0,fiedler_value,1.0,1.0
27,0,connectivity_ratio,1.0,1.0
27,0,spectral_entropy_norm,1.0,-1.0
27,0,hfer,1.0,1.0
27,0,spectral_radius,1.0,1.0
27,1,fiedler_value,1.0,1.0
27,1,connectivity_ratio,1.0,1.0
27,1,spectral_entropy_norm,1.0,1.0
27,1,hfer,1.0,1.0
27,1,spectral_radius,1.0,-1.0
27,2,fiedler_value,1.0,1.0
27,2,connectivity_ratio,1.0,1.0
27,2,spectral_entropy_norm,1.0,1.0
27,2,hfer,1.0,-1.0
27,2,spectral_radius,1.0,-1.0
27,3,fiedler_value,1.0,1.0
27,3,connectivity_ratio,1.0,1.0
27,3,spectral_entropy_norm,1.0,1.0
27,3,hfer,1.0,-1.0
27,3,spectral_radius,1.0,-1.0
27,4,fiedler_value,1.0,-1.0
27,4,connectivity_ratio,1.0,1.0
27,4,spectral_entropy_norm,1.0,1.0
27,4,hfer,1.0,-1.0
27,4,spectral_radius,1.0,-1.0
27,5,fiedler_value,1.0,1.0
27,5,connectivity_ratio,1.0,1.0
27,5,spectral_entropy_norm,1.0,1.0
27,5,hfer,1.0,-1.0
27,5,spectral_radius,1.0,-1.0
27,6,fiedler_value,1.0,1.0
27,6,connectivity_ratio,1.0,1.0
27,6,spectral_entropy_norm,1.0,1.0
27,6,hfer,1.0,-1.0
27,6,spectral_radius,1.0,-1.0
27,7,fiedler_value,1.0,-1.0
27,7,connectivity_ratio,1.0,-1.0
27,7,spectral_entropy_norm,1.0,-1.0
27,7,hfer,1.0,1.0
27,7,spectral_radius,1.0,-1.0
27,8,fiedler_value,1.0,1.0
27,8,connectivity_ratio,1.0,1.0
27,8,spectral_entropy_norm,1.0,1.0
27,8,hfer,1.0,-1.0
27,8,spectral_radius,1.0,-1.0
27,9,fiedler_value,1.0,1.0
27,9,connectivity_ratio,1.0,1.0
27,9,spectral_entropy_norm,1.0,1.0
27,9,hfer,1.0,1.0
27,9,spectral_radius,1.0,1.0
27,10,fiedler_value,1.0,1.0
27,10,connectivity_ratio,1.0,1.0
27,10,spectral_entropy_norm,1.0,1.0
27,10,hfer,1.0,1.0
27,10,spectral_radius,1.0,-1.0
27,11,fiedler_value,1.0,1.0
27,11,connectivity_ratio,1.0,1.0
27,11,spectral_entropy_norm,1.0,1.0
27,11,hfer,1.0,1.0
27,11,spectral_radius,1.0,-1.0
27,12,fiedler_value,1.0,1.0
27,12,connectivity_ratio,1.0,-1.0
27,12,spectral_entropy_norm,1.0,1.0
27,12,hfer,1.0,-1.0
27,12,spectral_radius,1.0,1.0
27,13,fiedler_value,1.0,1.0
27,13,connectivity_ratio,1.0,1.0
27,13,spectral_entropy_norm,1.0,1.0
27,13,hfer,1.0,-1.0
27,13,spectral_radius,1.0,-1.0
27,14,fiedler_value,1.0,1.0
27,14,connectivity_ratio,1.0,1.0
27,14,spectral_entropy_norm,1.0,1.0
27,14,hfer,1.0,1.0
27,14,spectral_radius,1.0,-1.0
27,15,fiedler_value,1.0,-1.0
27,15,connectivity_ratio,1.0,-1.0
27,15,spectral_entropy_norm,1.0,1.0
27,15,hfer,1.0,-1.0
27,15,spectral_radius,1.0,-1.0
28,0,fiedler_value,1.0,1.0
28,0,connectivity_ratio,1.0,1.0
28,0,spectral_entropy_norm,1.0,1.0
28,0,hfer,1.0,1.0
28,0,spectral_radius,1.0,1.0
28,1,fiedler_value,1.0,1.0
28,1,connectivity_ratio,1.0,1.0
28,1,spectral_entropy_norm,1.0,1.0
28,1,hfer,1.0,-1.0
28,1,spectral_radius,1.0,-1.0
28,2,fiedler_value,1.0,-1.0
28,2,connectivity_ratio,1.0,-1.0
28,2,spectral_entropy_norm,1.0,1.0
28,2,hfer,1.0,1.0
28,2,spectral_radius,1.0,-1.0
28,3,fiedler_value,1.0,-1.0
28,3,connectivity_ratio,1.0,1.0
28,3,spectral_entropy_norm,1.0,1.0
28,3,hfer,1.0,-1.0
28,3,spectral_radius,1.0,-1.0
28,4,fiedler_value,1.0,1.0
28,4,connectivity_ratio,1.0,1.0
28,4,spectral_entropy_norm,1.0,1.0
28,4,hfer,1.0,-1.0
28,4,spectral_radius,1.0,-1.0
28,5,fiedler_value,1.0,1.0
28,5,connectivity_ratio,1.0,1.0
28,5,spectral_entropy_norm,1.0,1.0
28,5,hfer,1.0,-1.0
28,5,spectral_radius,1.0,-1.0
28,6,fiedler_value,1.0,-1.0
28,6,connectivity_ratio,1.0,1.0
28,6,spectral_entropy_norm,1.0,1.0
28,6,hfer,1.0,-1.0
28,6,spectral_radius,1.0,-1.0
28,7,fiedler_value,1.0,1.0
28,7,connectivity_ratio,1.0,1.0
28,7,spectral_entropy_norm,1.0,1.0
28,7,hfer,1.0,-1.0
28,7,spectral_radius,1.0,-1.0
28,8,fiedler_value,1.0,-1.0
28,8,connectivity_ratio,1.0,-1.0
28,8,spectral_entropy_norm,1.0,1.0
28,8,hfer,1.0,-1.0
28,8,spectral_radius,1.0,1.0
28,9,fiedler_value,1.0,-1.0
28,9,connectivity_ratio,1.0,-1.0
28,9,spectral_entropy_norm,1.0,-1.0
28,9,hfer,1.0,1.0
28,9,spectral_radius,1.0,1.0
28,10,fiedler_value,1.0,1.0
28,10,connectivity_ratio,1.0,1.0
28,10,spectral_entropy_norm,1.0,1.0
28,10,hfer,1.0,1.0
28,10,spectral_radius,1.0,-1.0
28,11,fiedler_value,1.0,-1.0
28,11,connectivity_ratio,1.0,-1.0
28,11,spectral_entropy_norm,1.0,-1.0
28,11,hfer,1.0,1.0
28,11,spectral_radius,1.0,-1.0
28,12,fiedler_value,1.0,-1.0
28,12,connectivity_ratio,1.0,-1.0
28,12,spectral_entropy_norm,1.0,1.0
28,12,hfer,1.0,1.0
28,12,spectral_radius,1.0,-1.0
28,13,fiedler_value,1.0,-1.0
28,13,connectivity_ratio,1.0,-1.0
28,13,spectral_entropy_norm,1.0,1.0
28,13,hfer,1.0,1.0
28,13,spectral_radius,1.0,-1.0
28,14,fiedler_value,1.0,-1.0
28,14,connectivity_ratio,1.0,-1.0
28,14,spectral_entropy_norm,1.0,1.0
28,14,hfer,1.0,1.0
28,14,spectral_radius,1.0,-1.0
28,15,fiedler_value,1.0,-1.0
28,15,connectivity_ratio,1.0,-1.0
28,15,spectral_entropy_norm,1.0,1.0
28,15,hfer,1.0,-1.0
28,15,spectral_radius,1.0,-1.0
29,0,fiedler_value,1.0,-1.0
29,0,connectivity_ratio,1.0,-1.0
29,0,spectral_entropy_norm,1.0,1.0
29,0,hfer,1.0,1.0
29,0,spectral_radius,1.0,-1.0
29,1,fiedler_value,1.0,1.0
29,1,connectivity_ratio,1.0,1.0
29,1,spectral_entropy_norm,1.0,1.0
29,1,hfer,1.0,-1.0
29,1,spectral_radius,1.0,-1.0
29,2,fiedler_value,1.0,1.0
29,2,connectivity_ratio,1.0,1.0
29,2,spectral_entropy_norm,1.0,1.0
29,2,hfer,1.0,-1.0
29,2,spectral_radius,1.0,-1.0
29,3,fiedler_value,1.0,1.0
29,3,connectivity_ratio,1.0,1.0
29,3,spectral_entropy_norm,1.0,1.0
29,3,hfer,1.0,1.0
29,3,spectral_radius,1.0,-1.0
29,4,fiedler_value,1.0,1.0
29,4,connectivity_ratio,1.0,1.0
29,4,spectral_entropy_norm,1.0,1.0
29,4,hfer,1.0,1.0
29,4,spectral_radius,1.0,-1.0
29,5,fiedler_value,1.0,1.0
29,5,connectivity_ratio,1.0,1.0
29,5,spectral_entropy_norm,1.0,1.0
29,5,hfer,1.0,-1.0
29,5,spectral_radius,1.0,-1.0
29,6,fiedler_value,1.0,-1.0
29,6,connectivity_ratio,1.0,-1.0
29,6,spectral_entropy_norm,1.0,-1.0
29,6,hfer,1.0,1.0
29,6,spectral_radius,1.0,-1.0
29,7,fiedler_value,1.0,-1.0
29,7,connectivity_ratio,1.0,-1.0
29,7,spectral_entropy_norm,1.0,-1.0
29,7,hfer,1.0,1.0
29,7,spectral_radius,1.0,-1.0
29,8,fiedler_value,1.0,-1.0
29,8,connectivity_ratio,1.0,-1.0
29,8,spectral_entropy_norm,1.0,1.0
29,8,hfer,1.0,1.0
29,8,spectral_radius,1.0,1.0
29,9,fiedler_value,1.0,-1.0
29,9,connectivity_ratio,1.0,-1.0
29,9,spectral_entropy_norm,1.0,-1.0
29,9,hfer,1.0,1.0
29,9,spectral_radius,1.0,-1.0
29,10,fiedler_value,1.0,-1.0
29,10,connectivity_ratio,1.0,-1.0
29,10,spectral_entropy_norm,1.0,1.0
29,10,hfer,1.0,-1.0
29,10,spectral_radius,1.0,1.0
29,11,fiedler_value,1.0,-1.0
29,11,connectivity_ratio,1.0,-1.0
29,11,spectral_entropy_norm,1.0,1.0
29,11,hfer,1.0,1.0
29,11,spectral_radius,1.0,-1.0
29,12,fiedler_value,1.0,-1.0
29,12,connectivity_ratio,1.0,-1.0
29,12,spectral_entropy_norm,1.0,-1.0
29,12,hfer,1.0,1.0
29,12,spectral_radius,1.0,-1.0
29,13,fiedler_value,1.0,-1.0
29,13,connectivity_ratio,1.0,-1.0
29,13,spectral_entropy_norm,1.0,-1.0
29,13,hfer,1.0,1.0
29,13,spectral_radius,1.0,-1.0
29,14,fiedler_value,1.0,-1.0
29,14,connectivity_ratio,1.0,-1.0
29,14,spectral_entropy_norm,1.0,1.0
29,14,hfer,1.0,-1.0
29,14,spectral_radius,1.0,-1.0
29,15,fiedler_value,1.0,1.0
29,15,connectivity_ratio,1.0,1.0
29,15,spectral_entropy_norm,1.0,-1.0
29,15,hfer,1.0,1.0
29,15,spectral_radius,1.0,-1.0
30,0,fiedler_value,1.0,-1.0
30,0,connectivity_ratio,1.0,-1.0
30,0,spectral_entropy_norm,1.0,-1.0
30,0,hfer,1.0,1.0
30,0,spectral_radius,1.0,-1.0
30,1,fiedler_value,1.0,-1.0
30,1,connectivity_ratio,1.0,-1.0
30,1,spectral_entropy_norm,1.0,1.0
30,1,hfer,1.0,-1.0
30,1,spectral_radius,1.0,1.0
30,2,fiedler_value,1.0,-1.0
30,2,connectivity_ratio,1.0,-1.0
30,2,spectral_entropy_norm,1.0,1.0
30,2,hfer,1.0,-1.0
30,2,spectral_radius,1.0,1.0
30,3,fiedler_value,1.0,1.0
30,3,connectivity_ratio,1.0,1.0
30,3,spectral_entropy_norm,1.0,1.0
30,3,hfer,1.0,-1.0
30,3,spectral_radius,1.0,-1.0
30,4,fiedler_value,1.0,-1.0
30,4,connectivity_ratio,1.0,-1.0
30,4,spectral_entropy_norm,1.0,1.0
30,4,hfer,1.0,-1.0
30,4,spectral_radius,1.0,-1.0
30,5,fiedler_value,1.0,-1.0
30,5,connectivity_ratio,1.0,-1.0
30,5,spectral_entropy_norm,1.0,1.0
30,5,hfer,1.0,-1.0
30,5,spectral_radius,1.0,-1.0
30,6,fiedler_value,1.0,-1.0
30,6,connectivity_ratio,1.0,-1.0
30,6,spectral_entropy_norm,1.0,1.0
30,6,hfer,1.0,1.0
30,6,spectral_radius,1.0,-1.0
30,7,fiedler_value,1.0,-1.0
30,7,connectivity_ratio,1.0,1.0
30,7,spectral_entropy_norm,1.0,1.0
30,7,hfer,1.0,-1.0
30,7,spectral_radius,1.0,-1.0
30,8,fiedler_value,1.0,1.0
30,8,connectivity_ratio,1.0,1.0
30,8,spectral_entropy_norm,1.0,1.0
30,8,hfer,1.0,-1.0
30,8,spectral_radius,1.0,-1.0
30,9,fiedler_value,1.0,1.0
30,9,connectivity_ratio,1.0,1.0
30,9,spectral_entropy_norm,1.0,1.0
30,9,hfer,1.0,-1.0
30,9,spectral_radius,1.0,-1.0
30,10,fiedler_value,1.0,1.0
30,10,connectivity_ratio,1.0,1.0
30,10,spectral_entropy_norm,1.0,1.0
30,10,hfer,1.0,-1.0
30,10,spectral_radius,1.0,-1.0
30,11,fiedler_value,1.0,-1.0
30,11,connectivity_ratio,1.0,-1.0
30,11,spectral_entropy_norm,1.0,1.0
30,11,hfer,1.0,-1.0
30,11,spectral_radius,1.0,-1.0
30,12,fiedler_value,1.0,1.0
30,12,connectivity_ratio,1.0,1.0
30,12,spectral_entropy_norm,1.0,1.0
30,12,hfer,1.0,-1.0
30,12,spectral_radius,1.0,-1.0
30,13,fiedler_value,1.0,-1.0
30,13,connectivity_ratio,1.0,-1.0
30,13,spectral_entropy_norm,1.0,1.0
30,13,hfer,1.0,1.0
30,13,spectral_radius,1.0,-1.0
30,14,fiedler_value,1.0,-1.0
30,14,connectivity_ratio,1.0,1.0
30,14,spectral_entropy_norm,1.0,1.0
30,14,hfer,1.0,-1.0
30,14,spectral_radius,1.0,-1.0
30,15,fiedler_value,1.0,-1.0
30,15,connectivity_ratio,1.0,-1.0
30,15,spectral_entropy_norm,1.0,1.0
30,15,hfer,1.0,-1.0
30,15,spectral_radius,1.0,1.0
31,0,fiedler_value,1.0,-1.0
31,0,connectivity_ratio,1.0,-1.0
31,0,spectral_entropy_norm,1.0,1.0
31,0,hfer,1.0,-1.0
31,0,spectral_radius,1.0,-1.0
31,1,fiedler_value,1.0,-1.0
31,1,connectivity_ratio,1.0,-1.0
31,1,spectral_entropy_norm,1.0,1.0
31,1,hfer,1.0,-1.0
31,1,spectral_radius,1.0,-1.0
31,2,fiedler_value,1.0,-1.0
31,2,connectivity_ratio,1.0,-1.0
31,2,spectral_entropy_norm,1.0,1.0
31,2,hfer,1.0,-1.0
31,2,spectral_radius,1.0,-1.0
31,3,fiedler_value,1.0,-1.0
31,3,connectivity_ratio,1.0,-1.0
31,3,spectral_entropy_norm,1.0,1.0
31,3,hfer,1.0,-1.0
31,3,spectral_radius,1.0,1.0
31,4,fiedler_value,1.0,-1.0
31,4,connectivity_ratio,1.0,-1.0
31,4,spectral_entropy_norm,1.0,1.0
31,4,hfer,1.0,-1.0
31,4,spectral_radius,1.0,1.0
31,5,fiedler_value,1.0,-1.0
31,5,connectivity_ratio,1.0,-1.0
31,5,spectral_entropy_norm,1.0,1.0
31,5,hfer,1.0,-1.0
31,5,spectral_radius,1.0,-1.0
31,6,fiedler_value,1.0,-1.0
31,6,connectivity_ratio,1.0,-1.0
31,6,spectral_entropy_norm,1.0,1.0
31,6,hfer,1.0,-1.0
31,6,spectral_radius,1.0,1.0
31,7,fiedler_value,1.0,1.0
31,7,connectivity_ratio,1.0,1.0
31,7,spectral_entropy_norm,1.0,1.0
31,7,hfer,1.0,-1.0
31,7,spectral_radius,1.0,-1.0
31,8,fiedler_value,1.0,-1.0
31,8,connectivity_ratio,1.0,1.0
31,8,spectral_entropy_norm,1.0,1.0
31,8,hfer,1.0,-1.0
31,8,spectral_radius,1.0,-1.0
31,9,fiedler_value,1.0,-1.0
31,9,connectivity_ratio,1.0,-1.0
31,9,spectral_entropy_norm,1.0,1.0
31,9,hfer,1.0,1.0
31,9,spectral_radius,1.0,1.0
31,10,fiedler_value,1.0,1.0
31,10,connectivity_ratio,1.0,1.0
31,10,spectral_entropy_norm,1.0,1.0
31,10,hfer,1.0,-1.0
31,10,spectral_radius,1.0,1.0
31,11,fiedler_value,1.0,-1.0
31,11,connectivity_ratio,1.0,-1.0
31,11,spectral_entropy_norm,1.0,1.0
31,11,hfer,1.0,-1.0
31,11,spectral_radius,1.0,-1.0
31,12,fiedler_value,1.0,1.0
31,12,connectivity_ratio,1.0,1.0
31,12,spectral_entropy_norm,1.0,1.0
31,12,hfer,1.0,-1.0
31,12,spectral_radius,1.0,-1.0
31,13,fiedler_value,1.0,-1.0
31,13,connectivity_ratio,1.0,-1.0
31,13,spectral_entropy_norm,1.0,1.0
31,13,hfer,1.0,-1.0
31,13,spectral_radius,1.0,1.0
31,14,fiedler_value,1.0,-1.0
31,14,connectivity_ratio,1.0,-1.0
31,14,spectral_entropy_norm,1.0,1.0
31,14,hfer,1.0,-1.0
31,14,spectral_radius,1.0,-1.0
31,15,fiedler_value,1.0,1.0
31,15,connectivity_ratio,1.0,1.0
31,15,spectral_entropy_norm,1.0,1.0
31,15,hfer,1.0,-1.0
31,15,spectral_radius,1.0,-1.0
32,0,fiedler_value,1.0,1.0
32,0,connectivity_ratio,1.0,1.0
32,0,spectral_entropy_norm,1.0,1.0
32,0,hfer,1.0,-1.0
32,0,spectral_radius,1.0,1.0
32,1,fiedler_value,1.0,1.0
32,1,connectivity_ratio,1.0,1.0
32,1,spectral_entropy_norm,1.0,1.0
32,1,hfer,1.0,-1.0
32,1,spectral_radius,1.0,-1.0
32,2,fiedler_value,1.0,1.0
32,2,connectivity_ratio,1.0,1.0
32,2,spectral_entropy_norm,1.0,1.0
32,2,hfer,1.0,-1.0
32,2,spectral_radius,1.0,-1.0
32,3,fiedler_value,1.0,1.0
32,3,connectivity_ratio,1.0,1.0
32,3,spectral_entropy_norm,1.0,1.0
32,3,hfer,1.0,-1.0
32,3,spectral_radius,1.0,-1.0
32,4,fiedler_value,1.0,-1.0
32,4,connectivity_ratio,1.0,-1.0
32,4,spectral_entropy_norm,1.0,1.0
32,4,hfer,1.0,-1.0
32,4,spectral_radius,1.0,-1.0
32,5,fiedler_value,1.0,-1.0
32,5,connectivity_ratio,1.0,-1.0
32,5,spectral_entropy_norm,1.0,1.0
32,5,hfer,1.0,-1.0
32,5,spectral_radius,1.0,-1.0
32,6,fiedler_value,1.0,1.0
32,6,connectivity_ratio,1.0,1.0
32,6,spectral_entropy_norm,1.0,1.0
32,6,hfer,1.0,-1.0
32,6,spectral_radius,1.0,-1.0
32,7,fiedler_value,1.0,1.0
32,7,connectivity_ratio,1.0,1.0
32,7,spectral_entropy_norm,1.0,1.0
32,7,hfer,1.0,-1.0
32,7,spectral_radius,1.0,-1.0
32,8,fiedler_value,1.0,1.0
32,8,connectivity_ratio,1.0,1.0
32,8,spectral_entropy_norm,1.0,1.0
32,8,hfer,1.0,-1.0
32,8,spectral_radius,1.0,1.0
32,9,fiedler_value,1.0,1.0
32,9,connectivity_ratio,1.0,1.0
32,9,spectral_entropy_norm,1.0,1.0
32,9,hfer,1.0,-1.0
32,9,spectral_radius,1.0,-1.0
32,10,fiedler_value,1.0,1.0
32,10,connectivity_ratio,1.0,1.0
32,10,spectral_entropy_norm,1.0,1.0
32,10,hfer,1.0,-1.0
32,10,spectral_radius,1.0,-1.0
32,11,fiedler_value,1.0,-1.0
32,11,connectivity_ratio,1.0,-1.0
32,11,spectral_entropy_norm,1.0,1.0
32,11,hfer,1.0,-1.0
32,11,spectral_radius,1.0,1.0
32,12,fiedler_value,1.0,1.0
32,12,connectivity_ratio,1.0,1.0
32,12,spectral_entropy_norm,1.0,1.0
32,12,hfer,1.0,-1.0
32,12,spectral_radius,1.0,-1.0
32,13,fiedler_value,1.0,1.0
32,13,connectivity_ratio,1.0,1.0
32,13,spectral_entropy_norm,1.0,1.0
32,13,hfer,1.0,-1.0
32,13,spectral_radius,1.0,-1.0
32,14,fiedler_value,1.0,1.0
32,14,connectivity_ratio,1.0,1.0
32,14,spectral_entropy_norm,1.0,1.0
32,14,hfer,1.0,-1.0
32,14,spectral_radius,1.0,-1.0
32,15,fiedler_value,1.0,-1.0
32,15,connectivity_ratio,1.0,-1.0
32,15,spectral_entropy_norm,1.0,1.0
32,15,hfer,1.0,-1.0
32,15,spectral_radius,1.0,-1.0
33,0,fiedler_value,1.0,1.0
33,0,connectivity_ratio,1.0,1.0
33,0,spectral_entropy_norm,1.0,1.0
33,0,hfer,1.0,-1.0
33,0,spectral_radius,1.0,-1.0
33,1,fiedler_value,1.0,1.0
33,1,connectivity_ratio,1.0,1.0
33,1,spectral_entropy_norm,1.0,1.0
33,1,hfer,1.0,-1.0
33,1,spectral_radius,1.0,-1.0
33,2,fiedler_value,1.0,1.0
33,2,connectivity_ratio,1.0,1.0
33,2,spectral_entropy_norm,1.0,1.0
33,2,hfer,1.0,-1.0
33,2,spectral_radius,1.0,-1.0
33,3,fiedler_value,1.0,1.0
33,3,connectivity_ratio,1.0,1.0
33,3,spectral_entropy_norm,1.0,1.0
33,3,hfer,1.0,-1.0
33,3,spectral_radius,1.0,-1.0
33,4,fiedler_value,1.0,1.0
33,4,connectivity_ratio,1.0,1.0
33,4,spectral_entropy_norm,1.0,1.0
33,4,hfer,1.0,-1.0
33,4,spectral_radius,1.0,-1.0
33,5,fiedler_value,1.0,-1.0
33,5,connectivity_ratio,1.0,1.0
33,5,spectral_entropy_norm,1.0,1.0
33,5,hfer,1.0,-1.0
33,5,spectral_radius,1.0,-1.0
33,6,fiedler_value,1.0,-1.0
33,6,connectivity_ratio,1.0,-1.0
33,6,spectral_entropy_norm,1.0,1.0
33,6,hfer,1.0,-1.0
33,6,spectral_radius,1.0,-1.0
33,7,fiedler_value,1.0,1.0
33,7,connectivity_ratio,1.0,1.0
33,7,spectral_entropy_norm,1.0,1.0
33,7,hfer,1.0,-1.0
33,7,spectral_radius,1.0,-1.0
33,8,fiedler_value,1.0,1.0
33,8,connectivity_ratio,1.0,1.0
33,8,spectral_entropy_norm,1.0,1.0
33,8,hfer,1.0,-1.0
33,8,spectral_radius,1.0,-1.0
33,9,fiedler_value,1.0,1.0
33,9,connectivity_ratio,1.0,1.0
33,9,spectral_entropy_norm,1.0,1.0
33,9,hfer,1.0,-1.0
33,9,spectral_radius,1.0,-1.0
33,10,fiedler_value,1.0,1.0
33,10,connectivity_ratio,1.0,1.0
33,10,spectral_entropy_norm,1.0,1.0
33,10,hfer,1.0,-1.0
33,10,spectral_radius,1.0,-1.0
33,11,fiedler_value,1.0,1.0
33,11,connectivity_ratio,1.0,1.0
33,11,spectral_entropy_norm,1.0,1.0
33,11,hfer,1.0,-1.0
33,11,spectral_radius,1.0,-1.0
33,12,fiedler_value,1.0,-1.0
33,12,connectivity_ratio,1.0,-1.0
33,12,spectral_entropy_norm,1.0,1.0
33,12,hfer,1.0,-1.0
33,12,spectral_radius,1.0,-1.0
33,13,fiedler_value,1.0,-1.0
33,13,connectivity_ratio,1.0,-1.0
33,13,spectral_entropy_norm,1.0,1.0
33,13,hfer,1.0,-1.0
33,13,spectral_radius,1.0,1.0
33,14,fiedler_value,1.0,1.0
33,14,connectivity_ratio,1.0,1.0
33,14,spectral_entropy_norm,1.0,1.0
33,14,hfer,1.0,-1.0
33,14,spectral_radius,1.0,-1.0
33,15,fiedler_value,1.0,1.0
33,15,connectivity_ratio,1.0,1.0
33,15,spectral_entropy_norm,1.0,1.0
33,15,hfer,1.0,-1.0
33,15,spectral_radius,1.0,-1.0
34,0,fiedler_value,1.0,-1.0
34,0,connectivity_ratio,1.0,-1.0
34,0,spectral_entropy_norm,1.0,1.0
34,0,hfer,1.0,-1.0
34,0,spectral_radius,1.0,1.0
34,1,fiedler_value,1.0,-1.0
34,1,connectivity_ratio,1.0,-1.0
34,1,spectral_entropy_norm,1.0,1.0
34,1,hfer,1.0,-1.0
34,1,spectral_radius,1.0,1.0
34,2,fiedler_value,1.0,-1.0
34,2,connectivity_ratio,1.0,-1.0
34,2,spectral_entropy_norm,1.0,1.0
34,2,hfer,1.0,-1.0
34,2,spectral_radius,1.0,1.0
34,3,fiedler_value,1.0,-1.0
34,3,connectivity_ratio,1.0,-1.0
34,3,spectral_entropy_norm,1.0,1.0
34,3,hfer,1.0,-1.0
34,3,spectral_radius,1.0,1.0
34,4,fiedler_value,1.0,-1.0
34,4,connectivity_ratio,1.0,-1.0
34,4,spectral_entropy_norm,1.0,1.0
34,4,hfer,1.0,-1.0
34,4,spectral_radius,1.0,1.0
34,5,fiedler_value,1.0,-1.0
34,5,connectivity_ratio,1.0,-1.0
34,5,spectral_entropy_norm,1.0,1.0
34,5,hfer,1.0,-1.0
34,5,spectral_radius,1.0,-1.0
34,6,fiedler_value,1.0,-1.0
34,6,connectivity_ratio,1.0,-1.0
34,6,spectral_entropy_norm,1.0,1.0
34,6,hfer,1.0,-1.0
34,6,spectral_radius,1.0,-1.0
34,7,fiedler_value,1.0,-1.0
34,7,connectivity_ratio,1.0,-1.0
34,7,spectral_entropy_norm,1.0,1.0
34,7,hfer,1.0,-1.0
34,7,spectral_radius,1.0,1.0
34,8,fiedler_value,1.0,-1.0
34,8,connectivity_ratio,1.0,-1.0
34,8,spectral_entropy_norm,1.0,1.0
34,8,hfer,1.0,-1.0
34,8,spectral_radius,1.0,-1.0
34,9,fiedler_value,1.0,-1.0
34,9,connectivity_ratio,1.0,-1.0
34,9,spectral_entropy_norm,1.0,1.0
34,9,hfer,1.0,-1.0
34,9,spectral_radius,1.0,1.0
34,10,fiedler_value,1.0,1.0
34,10,connectivity_ratio,1.0,1.0
34,10,spectral_entropy_norm,1.0,1.0
34,10,hfer,1.0,-1.0
34,10,spectral_radius,1.0,-1.0
34,11,fiedler_value,1.0,1.0
34,11,connectivity_ratio,1.0,-1.0
34,11,spectral_entropy_norm,1.0,1.0
34,11,hfer,1.0,-1.0
34,11,spectral_radius,1.0,1.0
34,12,fiedler_value,1.0,1.0
34,12,connectivity_ratio,1.0,1.0
34,12,spectral_entropy_norm,1.0,1.0
34,12,hfer,1.0,-1.0
34,12,spectral_radius,1.0,-1.0
34,13,fiedler_value,1.0,1.0
34,13,connectivity_ratio,1.0,1.0
34,13,spectral_entropy_norm,1.0,1.0
34,13,hfer,1.0,-1.0
34,13,spectral_radius,1.0,-1.0
34,14,fiedler_value,1.0,-1.0
34,14,connectivity_ratio,1.0,-1.0
34,14,spectral_entropy_norm,1.0,1.0
34,14,hfer,1.0,-1.0
34,14,spectral_radius,1.0,-1.0
34,15,fiedler_value,1.0,-1.0
34,15,connectivity_ratio,1.0,-1.0
34,15,spectral_entropy_norm,1.0,1.0
34,15,hfer,1.0,-1.0
34,15,spectral_radius,1.0,-1.0
35,0,fiedler_value,1.0,-1.0
35,0,connectivity_ratio,1.0,-1.0
35,0,spectral_entropy_norm,1.0,1.0
35,0,hfer,1.0,-1.0
35,0,spectral_radius,1.0,1.0
35,1,fiedler_value,1.0,1.0
35,1,connectivity_ratio,1.0,1.0
35,1,spectral_entropy_norm,1.0,1.0
35,1,hfer,1.0,-1.0
35,1,spectral_radius,1.0,-1.0
35,2,fiedler_value,1.0,1.0
35,2,connectivity_ratio,1.0,1.0
35,2,spectral_entropy_norm,1.0,1.0
35,2,hfer,1.0,-1.0
35,2,spectral_radius,1.0,1.0
35,3,fiedler_value,1.0,-1.0
35,3,connectivity_ratio,1.0,-1.0
35,3,spectral_entropy_norm,1.0,1.0
35,3,hfer,1.0,-1.0
35,3,spectral_radius,1.0,-1.0
35,4,fiedler_value,1.0,-1.0
35,4,connectivity_ratio,1.0,-1.0
35,4,spectral_entropy_norm,1.0,1.0
35,4,hfer,1.0,-1.0
35,4,spectral_radius,1.0,1.0
35,5,fiedler_value,1.0,-1.0
35,5,connectivity_ratio,1.0,-1.0
35,5,spectral_entropy_norm,1.0,1.0
35,5,hfer,1.0,-1.0
35,5,spectral_radius,1.0,-1.0
35,6,fiedler_value,1.0,-1.0
35,6,connectivity_ratio,1.0,-1.0
35,6,spectral_entropy_norm,1.0,1.0
35,6,hfer,1.0,-1.0
35,6,spectral_radius,1.0,1.0
35,7,fiedler_value,1.0,-1.0
35,7,connectivity_ratio,1.0,-1.0
35,7,spectral_entropy_norm,1.0,1.0
35,7,hfer,1.0,-1.0
35,7,spectral_radius,1.0,1.0
35,8,fiedler_value,1.0,-1.0
35,8,connectivity_ratio,1.0,-1.0
35,8,spectral_entropy_norm,1.0,1.0
35,8,hfer,1.0,-1.0
35,8,spectral_radius,1.0,1.0
35,9,fiedler_value,1.0,-1.0
35,9,connectivity_ratio,1.0,-1.0
35,9,spectral_entropy_norm,1.0,1.0
35,9,hfer,1.0,1.0
35,9,spectral_radius,1.0,1.0
35,10,fiedler_value,1.0,-1.0
35,10,connectivity_ratio,1.0,1.0
35,10,spectral_entropy_norm,1.0,1.0
35,10,hfer,1.0,-1.0
35,10,spectral_radius,1.0,-1.0
35,11,fiedler_value,1.0,-1.0
35,11,connectivity_ratio,1.0,-1.0
35,11,spectral_entropy_norm,1.0,1.0
35,11,hfer,1.0,-1.0
35,11,spectral_radius,1.0,1.0
35,12,fiedler_value,1.0,1.0
35,12,connectivity_ratio,1.0,1.0
35,12,spectral_entropy_norm,1.0,1.0
35,12,hfer,1.0,-1.0
35,12,spectral_radius,1.0,-1.0
35,13,fiedler_value,1.0,-1.0
35,13,connectivity_ratio,1.0,-1.0
35,13,spectral_entropy_norm,1.0,1.0
35,13,hfer,1.0,-1.0
35,13,spectral_radius,1.0,1.0
35,14,fiedler_value,1.0,-1.0
35,14,connectivity_ratio,1.0,-1.0
35,14,spectral_entropy_norm,1.0,1.0
35,14,hfer,1.0,-1.0
35,14,spectral_radius,1.0,1.0
35,15,fiedler_value,1.0,-1.0
35,15,connectivity_ratio,1.0,-1.0
35,15,spectral_entropy_norm,1.0,1.0
35,15,hfer,1.0,-1.0
35,15,spectral_radius,1.0,-1.0
