layer,n_nodes,fiedler_value,connectivity_ratio,spectral_entropy_norm,hfer,spectral_radius,n_benign,n_injection,density_benign,density_injection,density_cross,cut_weight,conductance,normalized_cut,modularity,separation,cut_conductance,cut_modularity,accuracy,ari,bandwidth,example_id,attack_category,position,split,n_chars_context,n_chars_attack,condition,label,n_tokens
0,280,0.5423961281776428,0.4795975387096405,0.9991333484649658,0.514319121837616,1.1309401988983154,280,0,0.0034441792985252847,nan,nan,nan,nan,nan,nan,nan,0.7578960030791392,0.17521557891118972,nan,nan,61.604109140198524,0,direct_injection,start,train,432,133,benign,0,280
0,318,0.5385020971298218,0.4761151075363159,0.9992391467094421,0.5138735771179199,1.1310334205627441,281,37,0.0031184690199890274,0.005554817240425125,0.0025718135309136985,53.47829056181945,1.5665251926681492,1.7630640901437253,0.023468243536915546,1.6183264318438983,0.7485680655047541,0.1745182387402146,0.6069182389937107,-0.08247491070827932,69.52615001457497,0,direct_injection,start,train,432,133,injected,1,318
1,280,0.3832462430000305,0.302672803401947,0.9982078671455383,0.537743091583252,1.2662063837051392,280,0,0.0033956301065387303,nan,nan,nan,nan,nan,nan,nan,0.5956263468511949,0.24049569738240095,nan,nan,53.078790512519724,0,direct_injection,start,train,432,133,benign,0,280
1,318,0.3828543424606323,0.3038541078567505,0.9983692169189453,0.5368993282318115,1.2599939107894897,281,37,0.00320777863227619,0.007596861162396321,0.0018973087512946876,39.452638174421736,1.3219028703523392,1.4668883860095339,0.04748409517502514,2.6018441563455217,0.5671869825261392,0.23349123996087676,0.6477987421383647,0.06093484587365196,59.62441614338685,0,direct_injection,start,train,432,133,injected,1,318
2,280,0.3990606665611267,0.30846938490867615,0.9982694387435913,0.5353066921234131,1.29367995262146,280,0,0.0034092648992377615,nan,nan,nan,nan,nan,nan,nan,0.6219684243071782,0.23396237236874173,nan,nan,56.110403270147344,0,direct_injection,start,train,432,133,benign,0,280
2,318,0.39879292249679565,0.3097779452800751,0.9984207153320312,0.5347439050674438,1.2873508930206299,281,37,0.0032403566863081035,0.007516136738613623,0.001831984868715712,38.094293360074516,1.3109454637420281,1.4499765378806826,0.04768214330981398,2.6938404080698435,0.6382599534329836,0.219992142594195,0.6383647798742138,0.025282752657661476,62.93282516469796,0,direct_injection,start,train,432,133,injected,1,318
3,280,0.7337790131568909,0.42900171875953674,0.9990637302398682,0.515156090259552,1.7104337215423584,280,0,0.0035243599241939327,nan,nan,nan,nan,nan,nan,nan,1.4508550139106657,0.03703627719356105,nan,nan,120.28246185135805,0,direct_injection,start,train,432,133,benign,0,280
3,318,0.7339324951171875,0.42912793159484863,0.9991816282272339,0.5144469738006592,1.7102882862091064,281,37,0.0034740944487357023,0.002469472891562646,0.0017462353787799174,36.3112184663496,1.693229563828836,1.8177974789862348,0.01163015296244328,1.6773363522738713,1.471004679871798,0.03390165396333564,0.6415094339622641,-0.09192221404858197,136.38172446306328,0,direct_injection,start,train,432,133,injected,1,318
4,280,0.8163034319877625,0.45410940051078796,0.9990745782852173,0.5153327584266663,1.797592043876648,280,0,0.0035302382302808875,nan,nan,nan,nan,nan,nan,nan,1.6198694203447326,-0.009688428465877329,nan,nan,126.59222600777926,0,direct_injection,start,train,432,133,benign,0,280
4,318,0.8139235377311707,0.4543152153491974,0.9991897344589233,0.5150401592254639,1.791539192199707,281,37,0.0034907598982192546,0.002138348725489701,0.0017250250156379773,35.8701701751761,1.7259076745750053,1.8485038204109134,0.00938113429300148,1.5838128335722494,1.6186925799804295,-0.003965124497983891,0.5440251572327044,-0.052322648849445576,143.14562240080818,0,direct_injection,start,train,432,133,injected,1,318
5,280,0.7544509768486023,0.4332219958305359,0.9990100860595703,0.5176153182983398,1.7414882183074951,280,0,0.00351312856869355,nan,nan,nan,nan,nan,nan,nan,1.4815768591469392,0.01690807499171964,nan,nan,121.70784411375108,0,direct_injection,start,train,432,133,benign,0,280
5,318,0.7514140009880066,0.4324605166912079,0.999121367931366,0.5174272656440735,1.7375320196151733,281,37,0.003474995574632091,0.0029616483687867593,0.0016571611982605279,34.459009956629416,1.6273885646540829,1.74595020188238,0.016080168557506377,1.9358830581730813,1.4850641788956938,0.02158998303713478,0.5534591194968553,-0.0563087057324368,137.821809554421,0,direct_injection,start,train,432,133,injected,1,318
6,280,0.690352201461792,0.4221784174442291,0.9989280104637146,0.5222750902175903,1.6352143287658691,280,0,0.0034944137992517464,nan,nan,nan,nan,nan,nan,nan,1.3316506603212082,0.04047666858404224,nan,nan,112.28266303540182,0,direct_injection,start,train,432,133,benign,0,280
6,318,0.6845732927322388,0.4204096794128418,0.9990419745445251,0.5219306945800781,1.6283481121063232,281,37,0.003443382784165964,0.0038340496323291664,0.001647771453343222,34.26375960081896,1.5407174557105052,1.6596652034807184,0.022643554584025005,2.2050809761962133,1.2913616068209872,0.030516687556465347,0.6509433962264151,0.0873857270018106,126.50995639676785,0,direct_injection,start,train,432,133,injected,1,318
7,280,0.6429656744003296,0.41184499859809875,0.999003529548645,0.5180559754371643,1.5611836910247803,280,0,0.0034701610065315815,nan,nan,nan,nan,nan,nan,nan,1.2111281576593578,0.05578026823965902,nan,nan,106.39267502702293,0,direct_injection,start,train,432,133,benign,0,280
7,318,0.6365706324577332,0.41004690527915955,0.9991180896759033,0.517479658126831,1.552433729171753,281,37,0.0033895643523775107,0.0042193826820156695,0.0017253142081048742,35.87618364333275,1.522867485925868,1.6489129055571796,0.02478612377806113,2.1919376732953175,1.1758266721901476,0.046778592921703555,0.5974842767295597,0.03667343482291117,119.465183914024,0,direct_injection,start,train,432,133,injected,1,318
8,280,0.7347102761268616,0.4176982641220093,0.9989369511604309,0.5217006206512451,1.7589497566223145,280,0,0.0034791849951606936,nan,nan,nan,nan,nan,nan,nan,1.3584037774109565,-0.11882658230952484,nan,nan,118.9934271777487,0,direct_injection,start,train,432,133,benign,0,280
8,318,0.7382605671882629,0.4199680984020233,0.9990512728691101,0.5216793417930603,1.7578967809677124,281,37,0.003450382162711313,0.002837525347343684,0.001621088807629505,33.70892066584793,1.633655550491883,1.7505662390513927,0.015545791869827155,1.9301749167907631,1.3610108179604998,-0.11794510574330458,0.6289308176100629,-0.08885291987388369,135.31040916965392,0,direct_injection,start,train,432,133,injected,1,318
9,280,0.5804063081741333,0.36315399408340454,0.9985577464103699,0.5294234156608582,1.59823739528656,280,0,0.0034505708189500233,nan,nan,nan,nan,nan,nan,nan,1.120551937993127,-0.03207722663893653,nan,nan,102.86248203457049,0,direct_injection,start,train,432,133,benign,0,280
9,318,0.5828753709793091,0.3661526143550873,0.9986734390258789,0.5291193127632141,1.591891884803772,281,37,0.0034000392797159003,0.005879593447263562,0.0014942362830846726,31.071149270462683,1.3296911241416036,1.439463518608648,0.03948630220200753,2.9922394059685953,1.0460818494816466,-0.016853406309848523,0.660377358490566,-0.02944204135246385,116.24558597270268,0,direct_injection,start,train,432,133,injected,1,318
10,280,0.5561977624893188,0.349856436252594,0.9985476732254028,0.5286163687705994,1.589788556098938,280,0,0.0034621592457022045,nan,nan,nan,nan,nan,nan,nan,1.1112983321733987,-0.017897160387501193,nan,nan,101.14785532953341,0,direct_injection,start,train,432,133,benign,0,280
10,318,0.5580029487609863,0.35277029871940613,0.998653769493103,0.52852863073349,1.581774115562439,281,37,0.0034159840740853775,0.006282217556075123,0.001446836769574236,30.085523786526664,1.2851198402127548,1.391124810289109,0.04286135946306019,3.201804918352247,1.0733907906137776,-0.008807559560886885,0.6477987421383647,-0.09329449761135868,114.12882463102373,0,direct_injection,start,train,432,133,injected,1,318
11,280,0.5396249294281006,0.3401203453540802,0.9987871646881104,0.5231924057006836,1.5865706205368042,280,0,0.003488496664858334,nan,nan,nan,nan,nan,nan,nan,0.8665612001508842,0.1540860950651938,nan,nan,99.94492835085906,0,direct_injection,start,train,432,133,benign,0,280
11,318,0.5463904738426208,0.3463595509529114,0.9989047646522522,0.5226690173149109,1.577523946762085,281,37,0.003407521479169094,0.006290772926466478,0.001598775803687843,33.24494406188501,1.3297030041695634,1.4464640778652795,0.041075535554649004,2.8959011852195937,0.830249570938079,0.1557096006529592,0.6855345911949685,0.10972707427953929,112.90556211435828,0,direct_injection,start,train,432,133,injected,1,318
12,280,0.43086278438568115,0.29182639718055725,0.9984493255615234,0.5289732813835144,1.4764353036880493,280,0,0.0034029911811016,nan,nan,nan,nan,nan,nan,nan,0.6701208058313107,0.20133735982483764,nan,nan,84.57742824843643,0,direct_injection,start,train,432,133,benign,0,280
12,318,0.429500937461853,0.29171323776245117,0.9985751509666443,0.5282990336418152,1.4723395109176636,281,37,0.003316932066139362,0.008077118791274127,0.0014727951967599378,30.625303321426145,1.1746716321828399,1.285516863464063,0.05629501269569559,3.514424067256458,0.6286895643861297,0.19852347354714386,0.5943396226415094,0.03324490315314668,95.3505341898323,0,direct_injection,start,train,432,133,injected,1,318
13,280,0.4373648166656494,0.29929274320602417,0.9984055161476135,0.5307460427284241,1.4613277912139893,280,0,0.0034145122440905453,nan,nan,nan,nan,nan,nan,nan,0.6533463175385816,0.20962985201105772,nan,nan,85.5334669187649,0,direct_injection,start,train,432,133,benign,0,280
13,318,0.4304538369178772,0.2957974076271057,0.9985269904136658,0.5302689075469971,1.4552319049835205,281,37,0.0033255616504265775,0.008676675541996578,0.0014475127851391234,30.099580854182932,1.1312602908523572,1.240038892294273,0.06081724850111976,3.710964263905959,0.6329713684219984,0.20430408113529028,0.5849056603773585,0.02757431581472527,95.90137212646997,0,direct_injection,start,train,432,133,injected,1,318
14,280,0.4195110499858856,0.28956204652786255,0.9981269240379333,0.5370303392410278,1.448777675628662,280,0,0.0033395139787034426,nan,nan,nan,nan,nan,nan,nan,0.7297507574614632,0.2003133439886261,nan,nan,82.46947504348826,0,direct_injection,start,train,432,133,benign,0,280
14,318,0.41443124413490295,0.286956250667572,0.9982584118843079,0.5363997220993042,1.4442315101623535,281,37,0.003246493642633111,0.009053556834380408,0.0013994549466830116,29.100266161326545,1.0936055961985096,1.2013906460693013,0.06522065426371673,3.8739853400599156,0.6757642568487743,0.20720223959557207,0.60062893081761,0.02508128402179166,92.74513181270504,0,direct_injection,start,train,432,133,injected,1,318
15,280,0.5581462383270264,0.3561041057109833,0.9986366033554077,0.5292238593101501,1.5673681497573853,280,0,0.0034102389385137787,nan,nan,nan,nan,nan,nan,nan,0.899011382127588,0.1460249350134588,nan,nan,99.8714581963099,0,direct_injection,start,train,432,133,benign,0,280
15,318,0.5526958703994751,0.3531208038330078,0.9987354874610901,0.5294450521469116,1.5651750564575195,281,37,0.0033413831939965574,0.006357472633735652,0.0015142564956257315,31.487449570041463,1.300495944047489,1.4134984752824815,0.04313955198512723,3.0437287488749805,0.8540701604635225,0.14382314987769845,0.6226415094339622,0.041457946816376615,113.24668076104001,0,direct_injection,start,train,432,133,injected,1,318
16,280,0.4733104407787323,0.31067177653312683,0.9983184337615967,0.5351998209953308,1.5235064029693604,280,0,0.003386898392520845,nan,nan,nan,nan,nan,nan,nan,0.7973751007616883,0.18017262427299893,nan,nan,94.45687397520601,0,direct_injection,start,train,432,133,benign,0,280
16,318,0.47219932079315186,0.31113797426223755,0.9984458088874817,0.5346037745475769,1.5176525115966797,281,37,0.0033134995526739133,0.007591038060657031,0.0014408318520916696,29.96065753239418,1.1940517035989264,1.3027282634038229,0.053315490068162844,3.4808133974753996,0.7942703129030246,0.17794469310396763,0.5628930817610063,-0.038849425192748976,106.7801582071086,0,direct_injection,start,train,432,133,injected,1,318
17,280,0.5693069696426392,0.3540377914905548,0.9985705614089966,0.531223475933075,1.6080400943756104,280,0,0.0034141762058040584,nan,nan,nan,nan,nan,nan,nan,0.9094355346617358,0.14380586863964756,nan,nan,103.93756913437942,0,direct_injection,start,train,432,133,benign,0,280
17,318,0.5681007504463196,0.35488665103912354,0.9986994862556458,0.5306212306022644,1.6007949113845825,281,37,0.0033390125195577034,0.005633434843164994,0.0015766990887261072,32.78588085097067,1.3719850137138716,1.4894523147517689,0.037089370476467244,2.7507229119996155,0.8893356269362056,0.14451923864476768,0.5849056603773585,-0.014044777291022008,117.81092081379396,0,direct_injection,start,train,432,133,injected,1,318
18,280,0.5264103412628174,0.33189454674720764,0.9986138343811035,0.529037594795227,1.586077094078064,280,0,0.003440704296795201,nan,nan,nan,nan,nan,nan,nan,0.8522372149749423,0.16071404731690023,nan,nan,102.07015885950722,0,direct_injection,start,train,432,133,benign,0,280
18,318,0.5237646698951721,0.33109474182128906,0.9987328052520752,0.5285120010375977,1.5819178819656372,281,37,0.003353531772429798,0.005895754837145394,0.0016267256033953902,33.826132197003744,1.3658177852601183,1.48629454269551,0.038264888042015194,2.7334215780337994,0.8549702472749311,0.1599800569792395,0.559748427672956,-0.038109799443055876,115.40610306561742,0,direct_injection,start,train,432,133,injected,1,318
19,280,0.5829833149909973,0.35515207052230835,0.9986999034881592,0.5277522802352905,1.6415033340454102,280,0,0.003400767770431672,nan,nan,nan,nan,nan,nan,nan,0.9065216476065459,0.14203172733393327,nan,nan,106.77348265377537,0,direct_injection,start,train,432,133,benign,0,280
19,318,0.5813474059104919,0.3550224304199219,0.9988222122192383,0.5272606611251831,1.6374948024749756,281,37,0.0033442891492867504,0.004810462731879565,0.0015544405758540303,32.32303733430871,1.4321839038916888,1.5479167101810591,0.031273648452939354,2.5803060036055587,0.9259325594249224,0.13534764633332932,0.5691823899371069,-0.014441610517265793,121.27647418476272,0,direct_injection,start,train,432,133,injected,1,318
20,280,0.5961063504219055,0.3680194318294525,0.9983525276184082,0.5372613668441772,1.619768738746643,280,0,0.003300374868906954,nan,nan,nan,nan,nan,nan,nan,0.9288618499633909,0.12453910210032831,nan,nan,104.55191909521669,0,direct_injection,start,train,432,133,benign,0,280
20,318,0.5914978981018066,0.3669079542160034,0.9984829425811768,0.5368022322654724,1.6121152639389038,281,37,0.003244450453552002,0.004915521564351901,0.0014910173952538339,31.00421571690822,1.4061134990363962,1.5206150665865492,0.03337932974721228,2.6783829134101187,0.9500782944763235,0.11448419294280043,0.5566037735849056,0.006331683205447706,117.80714935842924,0,direct_injection,start,train,432,133,injected,1,318
21,280,0.5378172397613525,0.3393508195877075,0.9984166622161865,0.5349016189575195,1.5848413705825806,280,0,0.003154407117989807,nan,nan,nan,nan,nan,nan,nan,0.9264741138788918,0.12741885098860073,nan,nan,96.46280231719098,0,direct_injection,start,train,432,133,benign,0,280
21,318,0.5276209712028503,0.3348574638366699,0.9985247254371643,0.5345569252967834,1.5756583213806152,281,37,0.0030781569972679217,0.005949191741688861,0.001427457503761218,29.682551333210768,1.3038335273524002,1.419316055331394,0.043403026506764204,2.9978588346857022,0.9578285910174501,0.1087444374312784,0.5471698113207547,0.005298144044542643,107.02450163551923,0,direct_injection,start,train,432,133,injected,1,318
0,296,0.5400101542472839,0.4761025011539459,0.9991700649261475,0.5148110389709473,1.1342308521270752,296,0,0.0032578562016623304,nan,nan,nan,nan,nan,nan,nan,0.7641667838707614,0.1745437995157668,nan,nan,64.92945096702782,1,direct_injection,middle,train,363,20,benign,0,296
0,321,0.537474513053894,0.4738163650035858,0.9992310404777527,0.5163617134094238,1.1343519687652588,298,23,0.0031368685119040236,0.00580345272093923,0.002071557818309477,28.39691457338631,1.657245832624064,1.7545521437477585,0.012857443617114397,2.059654255645271,0.740893139638616,0.17635371650131104,0.6479750778816199,-0.06376322194553491,70.10358354240667,1,direct_injection,middle,train,363,20,injected,1,321
1,296,0.3890807032585144,0.30947476625442505,0.9982396960258484,0.5376888513565063,1.257229208946228,296,0,0.0032162900997357883,nan,nan,nan,nan,nan,nan,nan,0.6010058193463269,0.23622698650800714,nan,nan,56.003752706357794,1,direct_injection,middle,train,363,20,benign,0,296
1,321,0.3919867277145386,0.3123725950717926,0.9983412623405457,0.5387600064277649,1.2548691034317017,298,23,0.0031507333259152247,0.008564205519972818,0.0016007001714549488,21.94239795030444,1.4337044590204568,1.509412279965441,0.023372291680994167,3.2451843447803963,0.5914131494965132,0.22705508532506943,0.5514018691588785,-0.03630766767671542,60.812399006601495,1,direct_injection,middle,train,363,20,injected,1,321
2,296,0.39624083042144775,0.3078896701335907,0.9983793497085571,0.5328312516212463,1.2869572639465332,296,0,0.0032317691233628644,nan,nan,nan,nan,nan,nan,nan,0.6191366698332003,0.23196488223846307,nan,nan,58.38668968346551,1,direct_injection,middle,train,363,20,benign,0,296
2,321,0.3991208076477051,0.310198575258255,0.9984722137451172,0.5339397192001343,1.2866623401641846,298,23,0.003171408285254286,0.009136463452421365,0.00154406082374941,21.16598577195691,1.3919456379977597,1.46461314765443,0.025245524406957903,3.486187447178543,0.634700904890014,0.21793547861075374,0.5607476635514018,-0.039538935597686876,63.47369218888727,1,direct_injection,middle,train,363,20,injected,1,321
3,296,0.7283010482788086,0.4270278513431549,0.9991118311882019,0.5149111747741699,1.7055118083953857,296,0,0.0033345960677902088,nan,nan,nan,nan,nan,nan,nan,1.4733834715731995,0.02871311734133225,nan,nan,125.7490480969787,1,direct_injection,middle,train,363,20,benign,0,296
3,321,0.7290760278701782,0.4262620210647583,0.9991847276687622,0.5159671902656555,1.710394024848938,298,23,0.0032926095352744807,0.002849720502198626,0.0016839819393594437,23.084024424739255,1.7778863495882544,1.8540818829254138,0.00575022588302831,1.819004694263711,1.4604650447240077,0.03160501183349051,0.6386292834890965,-0.061671326842147794,136.7864210090873,1,direct_injection,middle,train,363,20,injected,1,321
4,296,0.8143038749694824,0.45233219861984253,0.9991339445114136,0.5145692825317383,1.8002341985702515,296,0,0.0033418193153324574,nan,nan,nan,nan,nan,nan,nan,1.6206938114272094,-0.004732087495128663,nan,nan,133.9097051660589,1,direct_injection,middle,train,363,20,benign,0,296
4,321,0.8146981000900269,0.4525955021381378,0.9992051720619202,0.5158558487892151,1.8000578880310059,298,23,0.0033087474607849266,0.002680923855855919,0.0016324253247925855,22.37728635225676,1.7837342597313515,1.8573358503863446,0.005429393552921447,1.8244868036775816,1.6213127831089804,-0.00014785749002189236,0.6012461059190031,-0.05209806422852746,145.14243118843316,1,direct_injection,middle,train,363,20,injected,1,321
5,296,0.7549276947975159,0.4323681592941284,0.9990639090538025,0.5173417925834656,1.7460298538208008,296,0,0.003325687165752156,nan,nan,nan,nan,nan,nan,nan,1.4819040377374046,0.02031460039361365,nan,nan,129.06176840410487,1,direct_injection,middle,train,363,20,benign,0,296
5,321,0.7530523538589478,0.43087485432624817,0.9991308450698853,0.5188634395599365,1.747728705406189,298,23,0.0032912832988936866,0.003463663315695431,0.0016024556500188506,21.966462050458404,1.7247746523106495,1.7974435333629444,0.007858079801057932,2.1069995811314475,1.4820607704905722,0.023988940007902804,0.6012461059190031,-0.05209806422852746,139.85253340055735,1,direct_injection,middle,train,363,20,injected,1,321
6,296,0.6951493620872498,0.42156824469566345,0.9989650845527649,0.5222269892692566,1.6489604711532593,296,0,0.003306636966654256,nan,nan,nan,nan,nan,nan,nan,1.3276221146259162,0.04516564064993785,nan,nan,119.89423476063725,1,direct_injection,middle,train,363,20,benign,0,296
6,321,0.692464292049408,0.4197988212108612,0.9990229606628418,0.5239574313163757,1.6495146751403809,298,23,0.003267418895379945,0.0056671219539235936,0.0015530407352157198,21.289082398337086,1.575556328456483,1.6465600019414226,0.014583955351205907,2.770772319229962,1.3261043521772269,0.04790564272479745,0.5700934579439252,-0.042643275147891735,129.8896864161388,1,direct_injection,middle,train,363,20,injected,1,321
7,296,0.6543548703193665,0.4115246534347534,0.9990332126617432,0.5178399682044983,1.5900745391845703,296,0,0.003286244961017631,nan,nan,nan,nan,nan,nan,nan,1.2103966360554517,0.06976181676009034,nan,nan,114.63381444485276,1,direct_injection,middle,train,363,20,benign,0,296
7,321,0.651958167552948,0.4093753695487976,0.9990999102592468,0.5193027257919312,1.5925681591033936,298,23,0.0032306471388301177,0.005487063010876608,0.0016619819554564103,22.78244864539647,1.608058025726729,1.6846833047702043,0.013689393491043578,2.533310553294569,1.2124187312579644,0.07056875155643685,0.5669781931464174,-0.041622464898596036,124.23425343454066,1,direct_injection,middle,train,363,20,injected,1,321
8,296,0.7316069602966309,0.4148533344268799,0.9990050792694092,0.5207525491714478,1.7635315656661987,296,0,0.0032922815495273405,nan,nan,nan,nan,nan,nan,nan,1.3618190703990953,-0.11288637225958328,nan,nan,126.13936663918581,1,direct_injection,middle,train,363,20,benign,0,296
8,321,0.73311448097229,0.41624388098716736,0.9990596771240234,0.5228095054626465,1.7612618207931519,298,23,0.00325933266383032,0.005221186111991297,0.0015097783621654593,20.696041788564116,1.5932360032965136,1.6624955724559778,0.013474677424217756,2.7323462581375715,1.355665763251233,-0.10491507277719173,0.6542056074766355,-0.06508992478517937,136.66267382247736,1,direct_injection,middle,train,363,20,injected,1,321
9,296,0.5783043503761292,0.3534621596336365,0.9986953735351562,0.5271446108818054,1.6361138820648193,296,0,0.0032706557555077765,nan,nan,nan,nan,nan,nan,nan,1.1547699625613366,0.03902790662421779,nan,nan,112.65232895198847,1,direct_injection,middle,train,363,20,benign,0,296
9,321,0.5810269713401794,0.3538999557495117,0.9987720251083374,0.5285258293151855,1.6417831182479858,298,23,0.003233025698990883,0.006587007252301371,0.0015073408943262474,20.6626289794242,1.5121570993126454,1.581851793391997,0.017611456925780797,3.0615204690028768,1.1919600422967205,0.028730551949384203,0.7383177570093458,-0.07721670622212265,123.04478169872796,1,direct_injection,middle,train,363,20,injected,1,321
10,296,0.5581979751586914,0.34418460726737976,0.9986811280250549,0.5268241167068481,1.6217981576919556,296,0,0.003283881814577379,nan,nan,nan,nan,nan,nan,nan,1.1254077169170495,0.05326214807128843,nan,nan,110.98585014884769,1,direct_injection,middle,train,363,20,benign,0,296
10,321,0.5600786209106445,0.34434235095977783,0.9987421631813049,0.5286207795143127,1.6265168190002441,298,23,0.0032463589644911926,0.006990078123204232,0.0014858118087249723,20.36750827400192,1.484432885865286,1.5528937176791708,0.018842132127660775,3.2060882993910798,1.1519460518441034,0.046592715428651676,0.7289719626168224,-0.0764580432405856,120.67324616377051,1,direct_injection,middle,train,363,20,injected,1,321
11,296,0.5826815962791443,0.3562437891960144,0.9988936185836792,0.5217264890670776,1.635625958442688,296,0,0.0033044043791098914,nan,nan,nan,nan,nan,nan,nan,0.750980424064529,0.13508198688245468,nan,nan,112.05648255169095,1,direct_injection,middle,train,363,20,benign,0,296
11,321,0.5874631404876709,0.3580465614795685,0.9989624619483948,0.5231665372848511,1.6407450437545776,298,23,0.003258210765091796,0.005356904937266354,0.0016117691584629854,22.094131624210604,1.6059513092600781,1.6797415017806772,0.013450758487965845,2.5920520350786136,0.7753292404642655,0.13556819320231578,0.5763239875389408,0.02214745758593243,121.83937984712989,1,direct_injection,middle,train,363,20,injected,1,321
12,296,0.5052416324615479,0.3316479027271271,0.9985754489898682,0.5281320810317993,1.5234278440475464,296,0,0.0032241617281609726,nan,nan,nan,nan,nan,nan,nan,0.7129601700726337,0.1733213194477172,nan,nan,97.08232016735363,1,direct_injection,middle,train,363,20,benign,0,296
12,321,0.5087881684303284,0.33158257603645325,0.9986484050750732,0.5295218229293823,1.5344237089157104,298,23,0.0031707936582875485,0.007626641719333327,0.0015410526889594362,21.12475026025595,1.4648139892715495,1.537358611895468,0.02080088519868,3.191046811994799,0.6689176652855634,0.17794464795212384,0.616822429906542,0.04234032699765699,106.18241820768657,1,direct_injection,middle,train,363,20,injected,1,321
13,296,0.46054142713546753,0.3081037402153015,0.9985114932060242,0.5300896763801575,1.4947608709335327,296,0,0.003234807064886533,nan,nan,nan,nan,nan,nan,nan,0.9474624573723602,0.12235179988155388,nan,nan,94.98657583019114,1,direct_injection,middle,train,363,20,benign,0,296
13,321,0.46380335092544556,0.30826398730278015,0.9985858798027039,0.5315897464752197,1.5045654773712158,298,23,0.0031846126276247194,0.008671616698157874,0.001499129822462015,20.550071606309302,1.4015036760964912,1.47184874685242,0.02403587084833582,3.5054122431340002,0.9928051463213395,0.10891572386097298,0.7165109034267912,-0.07519440991662657,103.91573019380135,1,direct_injection,middle,train,363,20,injected,1,321
14,296,0.44759953022003174,0.30045485496520996,0.9982575178146362,0.5364344716072083,1.4897396564483643,296,0,0.003164436061006057,nan,nan,nan,nan,nan,nan,nan,0.7827671096001093,0.1730729353164344,nan,nan,93.05236976694128,1,direct_injection,middle,train,363,20,benign,0,296
14,321,0.452932745218277,0.30213022232055664,0.9983394742012024,0.5380131006240845,1.4991308450698853,298,23,0.0031204298947984277,0.008389610797626963,0.0014322648996506638,19.6334872444113,1.396219986911912,1.4648701010861036,0.023903203090878587,3.57235634123545,0.7663564980635046,0.17362298927904582,0.719626168224299,0.10169065233124197,102.31580847486231,1,direct_injection,middle,train,363,20,injected,1,321
15,296,0.5783730745315552,0.366478830575943,0.9986813068389893,0.5288500189781189,1.5781896114349365,296,0,0.0032235327286544474,nan,nan,nan,nan,nan,nan,nan,0.9478741558179831,0.09997490435461007,nan,nan,105.29834339541249,1,direct_injection,middle,train,363,20,benign,0,296
15,321,0.5831153392791748,0.3690291941165924,0.9987485408782959,0.5304895043373108,1.580133318901062,298,23,0.0031791391262115383,0.008015247333906185,0.001472229930430049,20.18132788633511,1.426607314285656,1.495848657795327,0.022256432281885678,3.4287639573485102,0.9770957354336933,0.08925237401370331,0.6915887850467289,0.005301731963965014,114.5063743676042,1,direct_injection,middle,train,363,20,injected,1,321
16,296,0.4824831485748291,0.3086225688457489,0.9983934164047241,0.5343453288078308,1.5633436441421509,296,0,0.0032079560771465184,nan,nan,nan,nan,nan,nan,nan,0.8957576949470705,0.12363003840961509,nan,nan,102.57408248674366,1,direct_injection,middle,train,363,20,benign,0,296
16,321,0.48711854219436646,0.3108733594417572,0.9984894394874573,0.5352895855903625,1.566935658454895,298,23,0.0031612540383717165,0.008756947173348632,0.0014549456765307778,19.944395333883904,1.3847184945190365,1.4535487247612076,0.024650910787442012,3.6162569819801034,0.9783484171358631,0.10128173631194828,0.7040498442367601,-0.03474011021766516,111.6081536990457,1,direct_injection,middle,train,363,20,injected,1,321
17,296,0.5880692601203918,0.3584451973438263,0.9986261129379272,0.5308618545532227,1.6406114101409912,296,0,0.0032393821661413293,nan,nan,nan,nan,nan,nan,nan,0.8582625713575353,0.105070826783178,nan,nan,113.6020973263236,1,direct_injection,middle,train,363,20,benign,0,296
17,321,0.5928747057914734,0.3617369532585144,0.998712420463562,0.5319000482559204,1.6389663219451904,298,23,0.0031978646426534204,0.007518668493151061,0.0014790190588767468,20.274393259082444,1.454232720153623,1.523389089294889,0.020654200772649078,3.3153297940547244,0.880699469220818,0.09885205400117228,0.6074766355140186,-0.04639124992288373,122.97433283089654,1,direct_injection,middle,train,363,20,injected,1,321
18,296,0.5570314526557922,0.3415946662425995,0.9986557960510254,0.5289773941040039,1.6306796073913574,296,0,0.0032631469440735365,nan,nan,nan,nan,nan,nan,nan,0.8025247126396594,0.12162475573010254,nan,nan,111.70859625196233,1,direct_injection,middle,train,363,20,benign,0,296
18,321,0.5621189475059509,0.3451973795890808,0.9987573027610779,0.5296835899353027,1.6283986568450928,298,23,0.003213532301654794,0.006062769402877295,0.001598971763905935,21.918704939622558,1.5625955040654016,1.636801556537635,0.015719467111596046,2.7604892821295994,0.8394565862022163,0.11074666277088951,0.6261682242990654,-0.007411333963020675,121.2441718761489,1,direct_injection,middle,train,363,20,injected,1,321
19,296,0.6288163661956787,0.37224429845809937,0.9987998604774475,0.5266098380088806,1.689257264137268,296,0,0.0032297840910517957,nan,nan,nan,nan,nan,nan,nan,0.8460454053614509,0.11671318649557591,nan,nan,119.12542855318823,1,direct_injection,middle,train,363,20,benign,0,296
19,321,0.6334905624389648,0.374237596988678,0.9988855123519897,0.5275347232818604,1.6927496194839478,298,23,0.003188687128231095,0.005155604911742414,0.0015698039763145672,21.518872907320088,1.6097093933025384,1.6831583160472292,0.013222856576370902,2.5828568917222414,0.9020504830526931,0.11740154926978011,0.5358255451713395,0.0017399438722108726,129.5879614113349,1,direct_injection,middle,train,363,20,injected,1,321
20,296,0.5996912121772766,0.36218711733818054,0.998429536819458,0.5366147756576538,1.6557496786117554,296,0,0.0031515023422888436,nan,nan,nan,nan,nan,nan,nan,0.9464419255019522,0.058874308403803866,nan,nan,114.42516233588476,1,direct_injection,middle,train,363,20,benign,0,296
20,321,0.5942062139511108,0.35758352279663086,0.9985174536705017,0.5372335910797119,1.6617270708084106,298,23,0.0031060324545897707,0.006809522923669481,0.0015282592891650733,20.949378335874826,1.5049508018109623,1.5783602350540813,0.018698358177494438,3.0092917433124544,0.9148514850665194,0.07755189475100119,0.514018691588785,-0.016026818600501275,123.80312935253603,1,direct_injection,middle,train,363,20,injected,1,321
21,296,0.5351316332817078,0.3325081765651703,0.9983692169189453,0.5369399785995483,1.6093789339065552,296,0,0.002975168013604791,nan,nan,nan,nan,nan,nan,nan,1.094812269482281,0.09148512655496367,nan,nan,104.13182749425546,1,direct_injection,middle,train,363,20,benign,0,296
21,321,0.5370730757713318,0.3328375220298767,0.9984380602836609,0.5383001565933228,1.6136194467544556,298,23,0.002919907908096834,0.007708165442144034,0.0015362712699307898,21.059206568211266,1.4594110487245742,1.5377100040067901,0.02234082532782508,3.088105878263679,1.085438199937462,0.09532110123779874,0.6386292834890965,0.06133963689510799,113.15716869297664,1,direct_injection,middle,train,363,20,injected,1,321
0,226,0.549631655216217,0.48604026436805725,0.9989156126976013,0.5151996612548828,1.1308356523513794,226,0,0.00425220194205389,nan,nan,nan,nan,nan,nan,nan,0.7438613771390155,0.17826846156692702,nan,nan,50.2917535067114,2,direct_injection,end,train,250,76,benign,0,226
0,246,0.5466386079788208,0.48316189646720886,0.9990102052688599,0.5146962404251099,1.1313776969909668,227,19,0.0041678190848422935,0.00593650096221364,0.002316029243067135,19.978068250697106,1.6621632905902661,1.751428210282243,0.012023244066095505,2.147710112952822,0.7603049282567917,0.17602114178183823,0.6585365853658537,-0.07062566359787294,54.52012415735749,2,direct_injection,end,train,250,76,injected,1,246
1,226,0.3840424418449402,0.30118417739868164,0.9979177713394165,0.5384591221809387,1.2751083374023438,226,0,0.004191950945170013,nan,nan,nan,nan,nan,nan,nan,0.5740190799061569,0.24227344463730408,nan,nan,43.767064429042435,2,direct_injection,end,train,250,76,benign,0,226
1,246,0.385844886302948,0.3031962811946869,0.9980568289756775,0.5379539132118225,1.2725911140441895,227,19,0.004117333131882839,0.009601986213391157,0.0020757242863700745,17.905197694228264,1.463263980120751,1.544584698666023,0.022714754705584785,3.029136721541913,0.5966268481361182,0.2379213667439244,0.5934959349593496,-0.053974122846481204,47.48551846562308,2,direct_injection,end,train,250,76,injected,1,246
2,226,0.39673787355422974,0.3043515086174011,0.9980018138885498,0.5361471176147461,1.3035515546798706,226,0,0.004209414123876706,nan,nan,nan,nan,nan,nan,nan,0.5847006663050262,0.24397830187197458,nan,nan,46.15222445897697,2,direct_injection,end,train,250,76,benign,0,226
2,246,0.3978044390678406,0.30614206194877625,0.9981305003166199,0.5355694890022278,1.2994112968444824,227,19,0.004136882088260102,0.011544291032151434,0.0019859007449458867,17.13037982590322,1.368969701320658,1.446554519295979,0.028091557214316627,3.4798671632420084,0.5968732005122925,0.23973578325074044,0.5975609756097561,-0.05520267080979608,49.79823656275997,2,direct_injection,end,train,250,76,injected,1,246
3,226,0.7376956343650818,0.429290235042572,0.9988298416137695,0.5159040689468384,1.7184076309204102,226,0,0.004362175511956082,nan,nan,nan,nan,nan,nan,nan,1.4418883626950474,0.03580194697622099,nan,nan,97.74578147885704,2,direct_injection,end,train,250,76,benign,0,226
3,246,0.7364636063575745,0.4288533329963684,0.9989322423934937,0.5153735280036926,1.7172855138778687,227,19,0.004330270289083087,0.0037129941986661337,0.0021067028861928546,18.172419096299564,1.7547629494025392,1.833350551136754,0.006837311186603924,1.9033398816973293,1.4406605644056716,0.03722695443747832,0.6544715447154471,-0.06977524660072236,106.25225602784082,2,direct_injection,end,train,250,76,injected,1,246
4,226,0.8186795711517334,0.45535191893577576,0.9988352060317993,0.5161291360855103,1.7979052066802979,226,0,0.00437093178315841,nan,nan,nan,nan,nan,nan,nan,1.6337654415647258,-0.013433505815540245,nan,nan,102.11018169828134,2,direct_injection,end,train,250,76,benign,0,226
4,246,0.8166449666023254,0.45447567105293274,0.9989351630210876,0.5157724618911743,1.7968947887420654,227,19,0.004342755840891223,0.003498134745845887,0.002092606102847541,18.05082024316289,1.7659188525970482,1.8437853750039332,0.006318623540253952,1.8625737847715664,1.619898382722676,-0.01823911586948692,0.524390243902439,-0.02916413825280164,111.00478073093342,2,direct_injection,end,train,250,76,injected,1,246
5,226,0.758473813533783,0.4352513551712036,0.9987753629684448,0.5182837247848511,1.742611050605774,226,0,0.004348838485655581,nan,nan,nan,nan,nan,nan,nan,1.5073630469715684,0.021186599300295747,nan,nan,98.45089941685764,2,direct_injection,end,train,250,76,benign,0,226
5,246,0.7567430138587952,0.4348468482494354,0.9988717436790466,0.5181396007537842,1.7402517795562744,227,19,0.004318500210675512,0.004817298853467627,0.002040429288013587,17.6007430384052,1.6846221454669028,1.7610314815199788,0.00991871434503004,2.235356105758408,1.4949087256412654,0.013427023433062964,0.556910569105691,-0.0417802524901605,106.8423733277384,2,direct_injection,end,train,250,76,injected,1,246
6,226,0.6928887963294983,0.4216519594192505,0.9986861944198608,0.52293860912323,1.643271803855896,226,0,0.004323122633050059,nan,nan,nan,nan,nan,nan,nan,1.3383548997099532,0.021476364638722337,nan,nan,90.99311654026124,2,direct_injection,end,train,250,76,benign,0,226
6,246,0.6913732886314392,0.42151498794555664,0.9987824559211731,0.5226024389266968,1.640210509300232,227,19,0.004281263482159818,0.006375394293858686,0.0020399223190348532,17.596369923994644,1.6027925520107493,1.6798224575400889,0.014008795052591037,2.5610960910373604,1.3303057272329395,0.03101273322877171,0.508130081300813,-0.014751924075076932,98.63304697740574,2,direct_injection,end,train,250,76,injected,1,246
7,226,0.6542876958847046,0.41836270689964294,0.9987822771072388,0.518291175365448,1.5639245510101318,226,0,0.004291335469394118,nan,nan,nan,nan,nan,nan,nan,1.2219178165140971,0.037304944752114724,nan,nan,85.9215218699506,2,direct_injection,end,train,250,76,benign,0,226
7,246,0.6538466811180115,0.4192945957183838,0.9988758563995361,0.5178801417350769,1.5593968629837036,227,19,0.00423798644694878,0.006498309631821051,0.0020936046817498183,18.059433984773932,1.6049778772718188,1.6847291751200124,0.014217734480110756,2.5066015352972824,1.2148687335884092,0.04634135521064016,0.5365853658536586,-0.0005305550403902298,92.88009461352773,2,direct_injection,end,train,250,76,injected,1,246
8,226,0.7302587628364563,0.41389551758766174,0.9987064003944397,0.5217175483703613,1.7643553018569946,226,0,0.004306578594755051,nan,nan,nan,nan,nan,nan,nan,1.3556723075913828,-0.10216652300490023,nan,nan,95.81686171215891,2,direct_injection,end,train,250,76,benign,0,226
8,246,0.7322747707366943,0.415495902299881,0.9988099932670593,0.5211870074272156,1.7624115943908691,227,19,0.004277854390450984,0.005000543605321092,0.0020134377309415264,17.367913867101606,1.670932766989235,1.747058932483782,0.01054137267501432,2.2971185320781475,1.3527160905159794,-0.1135529266169068,0.6707317073170732,-0.07301870890233762,104.22315903107085,2,direct_injection,end,train,250,76,injected,1,246
9,226,0.5728010535240173,0.35932499170303345,0.9983083605766296,0.5301553606987,1.5941029787063599,226,0,0.004266185034746234,nan,nan,nan,nan,nan,nan,nan,1.0018199903424574,0.07480958757068973,nan,nan,82.4027948683124,2,direct_injection,end,train,250,76,benign,0,226
9,246,0.5752552151679993,0.36160093545913696,0.9983904361724854,0.5301570296287537,1.5908565521240234,227,19,0.004227225818063182,0.01063444131113213,0.001829134317392307,15.77811262182604,1.3689106699934586,1.4391123078571546,0.026026087680431874,3.665552683057719,1.049606402430893,0.06479363839173458,0.6869918699186992,-0.07582957304032586,89.19529157942719,2,direct_injection,end,train,250,76,injected,1,246
10,226,0.5466970801353455,0.3444976210594177,0.9982979893684387,0.5292572379112244,1.586940050125122,226,0,0.0042823484049929255,nan,nan,nan,nan,nan,nan,nan,0.9777245535102974,0.018908835439739258,nan,nan,80.6009502002509,2,direct_injection,end,train,250,76,benign,0,226
10,246,0.5497643947601318,0.34716832637786865,0.9983600378036499,0.529559850692749,1.5835672616958618,227,19,0.004249382430074742,0.011714129562337191,0.0017467432519719841,15.067407291510335,1.3056751223631382,1.372482369486767,0.0290583592913466,4.039139441238794,1.0314141923674593,0.007070132719644517,0.6869918699186992,-0.07582957304032586,87.22539780505053,2,direct_injection,end,train,250,76,injected,1,246
11,226,0.5336624383926392,0.33525580167770386,0.9985358715057373,0.523751974105835,1.5918067693710327,226,0,0.004313684249504611,nan,nan,nan,nan,nan,nan,nan,0.795115173687481,0.16956226693668955,nan,nan,81.00782752759358,2,direct_injection,end,train,250,76,benign,0,226
11,246,0.540410578250885,0.3395257890224457,0.9986381530761719,0.5235252380371094,1.591662883758545,227,19,0.004272182456103782,0.007501194702886176,0.0019837499435092533,17.11182701271082,1.5386504290528824,1.6137921365065055,0.017145373242422025,2.8536663087235126,0.8091384418617633,0.16564763580680364,0.5691056910569106,-0.019804256537563774,88.76021811279084,2,direct_injection,end,train,250,76,injected,1,246
12,226,0.44429880380630493,0.30022674798965454,0.9981778264045715,0.5297770500183105,1.4798774719238281,226,0,0.004206540052751808,nan,nan,nan,nan,nan,nan,nan,0.7273602558419329,0.199466117306318,nan,nan,68.66241948566561,2,direct_injection,end,train,250,76,benign,0,226
12,246,0.4528465270996094,0.30661770701408386,0.9982778429985046,0.5294848680496216,1.4769092798233032,227,19,0.004158680513895273,0.013269271418365121,0.0017589397571260825,15.172614344969588,1.2514117688990367,1.3200863510880798,0.033530909917715276,4.223284632837442,0.7504077190306373,0.18958529201554902,0.5853658536585366,-0.028118177919786866,75.07952527115397,2,direct_injection,end,train,250,76,injected,1,246
13,226,0.4399649500846863,0.30440986156463623,0.9980843663215637,0.5321513414382935,1.4453045129776,226,0,0.004220149899701579,nan,nan,nan,nan,nan,nan,nan,0.5979175747838272,0.20462707883735348,nan,nan,66.69892485234033,2,direct_injection,end,train,250,76,benign,0,226
13,246,0.44855937361717224,0.31044238805770874,0.9981829524040222,0.5319980382919312,1.4449037313461304,227,19,0.004170136269461117,0.012994130641053163,0.0017785117154204889,15.341442057217137,1.2663478830108785,1.3355760141736164,0.032654551024749956,4.138967416608263,0.6284652826257157,0.20322208797287764,0.5813008130081301,0.025259095483898774,73.24841144234917,2,direct_injection,end,train,250,76,injected,1,246
14,226,0.409964382648468,0.284775048494339,0.9978129863739014,0.5379718542098999,1.4396077394485474,226,0,0.004126704015214656,nan,nan,nan,nan,nan,nan,nan,0.6612092371003289,0.22398222218838715,nan,nan,64.57636557604778,2,direct_injection,end,train,250,76,benign,0,226
14,246,0.42003104090690613,0.290848046541214,0.9979471564292908,0.5374921560287476,1.444159746170044,227,19,0.00407962002289356,0.011310500981917942,0.0017989686679856312,15.517903730044054,1.3346273854204949,1.4061214560616127,0.028660385108824057,3.775958206645067,0.6965981904539262,0.2121410984155891,0.6138211382113821,-0.031155773291891148,71.99174019418204,2,direct_injection,end,train,250,76,injected,1,246
15,226,0.5549089908599854,0.355329692363739,0.9983711838722229,0.529719889163971,1.5616735219955444,226,0,0.004212174811809585,nan,nan,nan,nan,nan,nan,nan,0.8429392027581963,0.1608172740605254,nan,nan,79.21429007054121,2,direct_injection,end,train,250,76,benign,0,226
15,246,0.5634391903877258,0.36034026741981506,0.9984821677207947,0.5291484594345093,1.5636309385299683,227,19,0.0041722968832136696,0.008340062086786313,0.001891576671533869,16.316740368651153,1.4819023971569332,1.5553332396543706,0.02000257331062601,3.1185182810584116,0.8309835591803908,0.15519673053864216,0.6382113821138211,0.05163763798295762,86.99259789744036,2,direct_injection,end,train,250,76,injected,1,246
16,226,0.4593946635723114,0.30408525466918945,0.9980103373527527,0.5361588597297668,1.5107430219650269,226,0,0.004178953318764433,nan,nan,nan,nan,nan,nan,nan,0.7341328167242805,0.19920885882180372,nan,nan,73.96690706141993,2,direct_injection,end,train,250,76,benign,0,226
16,246,0.4705856442451477,0.3106193244457245,0.9981264472007751,0.5359514951705933,1.5149915218353271,227,19,0.004137388412480053,0.009203747686200192,0.0018552036766836897,16.002986915073507,1.4353516449865884,1.508007357365138,0.022562112695926492,3.3262424571767566,0.7181991146313232,0.19642720439305406,0.6422764227642277,0.0656001498618462,81.72738835055624,2,direct_injection,end,train,250,76,injected,1,246
17,226,0.5533335208892822,0.34577348828315735,0.9982795119285583,0.5324486494064331,1.6002774238586426,226,0,0.004212829356842286,nan,nan,nan,nan,nan,nan,nan,0.8410828017111335,0.16129228649646804,nan,nan,82.04954900898959,2,direct_injection,end,train,250,76,benign,0,226
17,246,0.5642037987709045,0.3531194031238556,0.998396098613739,0.5321839451789856,1.5977705717086792,227,19,0.004168308906169115,0.0077501095998868865,0.0019397429149088526,16.732222384003762,1.5188123790973027,1.594111963602189,0.018266919563463817,2.9301489388874087,0.8533831939023069,0.1513698055593993,0.6138211382113821,0.026389602581086885,89.57147059908051,2,direct_injection,end,train,250,76,injected,1,246
18,226,0.5181725025177002,0.32776010036468506,0.9983386397361755,0.5299783945083618,1.5809504985809326,226,0,0.004247658011531839,nan,nan,nan,nan,nan,nan,nan,0.8113816739646613,0.17433097323139327,nan,nan,81.36380769670205,2,direct_injection,end,train,250,76,benign,0,226
18,246,0.5302530527114868,0.3352384567260742,0.9984595775604248,0.5293273329734802,1.5817190408706665,227,19,0.004198639594032027,0.007482926790501748,0.0019948377397886966,17.2074703434173,1.541487991715146,1.6183062520287264,0.017258308819054772,2.8098456935992764,0.8292349520080025,0.16420409859914442,0.6341463414634146,0.03517171416526985,88.94910045267517,2,direct_injection,end,train,250,76,injected,1,246
19,226,0.5755174160003662,0.3507162034511566,0.9984434843063354,0.528532862663269,1.6409775018692017,226,0,0.004199564797666446,nan,nan,nan,nan,nan,nan,nan,0.8548283966160329,0.14970076957777267,nan,nan,85.72229849459815,2,direct_injection,end,train,250,76,benign,0,226
19,246,0.5873002409934998,0.35843297839164734,0.9985601305961609,0.5280459523200989,1.6385217905044556,227,19,0.004159873890411209,0.007023736868225234,0.0019502632890914231,16.822971131702616,1.5557229387372031,1.6315631236503174,0.016330029466806187,2.771602555788126,0.8763039531094753,0.13741730170891153,0.5609756097560976,0.006970345354657361,93.48212857568224,2,direct_injection,end,train,250,76,injected,1,246
20,226,0.5892155170440674,0.3633967638015747,0.9981033802032471,0.5377693772315979,1.6214110851287842,226,0,0.004078040286802769,nan,nan,nan,nan,nan,nan,nan,0.9132751322431191,0.13150149147423987,nan,nan,84.59882602364097,2,direct_injection,end,train,250,76,benign,0,226
20,246,0.5966672897338867,0.369181752204895,0.9981900453567505,0.5379604697227478,1.616188406944275,227,19,0.004037247110204674,0.009139221500467825,0.001814334002833276,15.65044510843984,1.429155241585777,1.5019669494482646,0.02297301713211503,3.3479582060792774,0.9009222943154478,0.12002174220727152,0.556910569105691,0.011758712258881145,91.46684652815519,2,direct_injection,end,train,250,76,injected,1,246
21,226,0.5192424654960632,0.32562336325645447,0.9981146454811096,0.5357828736305237,1.594610571861267,226,0,0.003891887684678636,nan,nan,nan,nan,nan,nan,nan,0.8535243341220865,0.12719166419563943,nan,nan,77.43098492559542,2,direct_injection,end,train,250,76,benign,0,226
21,246,0.5291475653648376,0.3327837288379669,0.9982324838638306,0.5352773070335388,1.5900644063949585,227,19,0.0038392263905329986,0.007899431119283542,0.001848904044011533,15.948646283643484,1.4938884385780173,1.5717116486649252,0.02015662544347241,2.978553443981443,0.8868547372939823,0.12385124159225536,0.5650406504065041,0.015729413207415742,83.89146434902963,2,direct_injection,end,train,250,76,injected,1,246
